1,1600,0.724574,0.896493,0.186065,0.120863
2,3200,0.329749,0.908476,0.084052,0.025179
3,4800,0.178538,0.914736,0.034042,0.005560
4,6400,0.148232,0.917219,0.017008,0.002312
5,8000,0.632391,0.904978,0.216290,0.123783
6,9600,0.966130,0.888671,0.538317,0.462183
7,11200,0.951206,0.882006,0.765868,0.642540
8,12800,0.981393,0.892987,0.799286,0.700471
9,14400,0.896853,0.902797,0.793875,0.642781
10,16000,0.903884,0.905090,0.750711,0.614154
11,17600,0.978629,0.894534,0.888507,0.777814
12,19200,0.961555,0.898565,0.905324,0.782217
13,20800,0.985038,0.904997,0.845814,0.754006
14,22400,0.994358,0.905991,0.841974,0.758517
15,24000,0.987343,0.911950,0.798819,0.719263
16,25600,0.981804,0.922150,0.714836,0.647191
17,27200,0.993529,0.912534,0.758328,0.687522
18,28800,0.998851,0.911133,0.820891,0.747081
19,30400,0.999561,0.911619,0.837951,0.763557
20,32000,0.999594,0.911590,0.854518,0.778655
21,33600,0.999161,0.912306,0.856016,0.780294
22,35200,0.998854,0.913337,0.866110,0.790143
23,36800,0.999656,0.914021,0.870283,0.795184
24,38400,0.999738,0.913809,0.876625,0.800858
25,40000,0.999812,0.913025,0.862750,0.787565
26,41600,0.999616,0.913096,0.862169,0.786941
27,43200,0.999916,0.912558,0.861507,0.786109
28,44800,0.999245,0.912426,0.855875,0.780333
29,46400,0.999668,0.911286,0.859578,0.783060
30,48000,0.999315,0.910520,0.871859,0.793301
31,49600,0.833241,0.911651,0.821521,0.624048
32,51200,0.648184,0.904687,0.540242,0.316800
33,52800,0.730287,0.883765,0.364622,0.235328
34,54400,0.578298,0.852867,0.366892,0.180955
35,56000,0.561031,0.810987,0.243727,0.110893
36,57600,0.607604,0.771958,0.385952,0.181029
37,59200,0.643682,0.734846,0.498229,0.235666
38,60800,0.716600,0.705517,0.623564,0.315258
39,62400,0.767236,0.682103,0.656774,0.343712
40,64000,0.759035,0.659797,0.693754,0.347439
41,65600,0.511000,0.642177,0.355048,0.116510
42,67200,0.504907,0.624028,0.266750,0.084047
43,68800,0.472005,0.603253,0.257336,0.073274
44,70400,0.595361,0.582561,0.399584,0.138589
45,72000,0.731177,0.562676,0.547042,0.225062
46,73600,0.729273,0.544582,0.654309,0.259858
47,75200,0.707558,0.528347,0.641459,0.239800
1,1600,0.724574,0.896493,0.186065,0.120863
2,3200,0.329749,0.908476,0.084052,0.025179
3,4800,0.178538,0.914736,0.034042,0.005560
4,6400,0.148232,0.917219,0.017008,0.002312
5,8000,0.632391,0.904978,0.216290,0.123783
6,9600,0.966130,0.888671,0.538317,0.462183
7,11200,0.951206,0.882006,0.765868,0.642540
8,12800,0.981393,0.892987,0.799286,0.700471
9,14400,0.896853,0.902797,0.793875,0.642781
10,16000,0.903884,0.905090,0.750711,0.614154
11,17600,0.978629,0.894534,0.888507,0.777814
12,19200,0.961555,0.898565,0.905324,0.782217
13,20800,0.985038,0.904997,0.845814,0.754006
14,22400,0.994358,0.905991,0.841974,0.758517
15,24000,0.987343,0.911950,0.798819,0.719263
16,25600,0.981804,0.922150,0.714836,0.647191
17,27200,0.993529,0.912534,0.758328,0.687522
18,28800,0.998851,0.911133,0.820891,0.747081
19,30400,0.999561,0.911619,0.837951,0.763557
20,32000,0.999594,0.911590,0.854518,0.778655
21,33600,0.999161,0.912306,0.856016,0.780294
22,35200,0.998854,0.913337,0.866110,0.790143
23,36800,0.999656,0.914021,0.870283,0.795184
24,38400,0.999738,0.913809,0.876625,0.800858
25,40000,0.999812,0.913025,0.862750,0.787565
26,41600,0.999616,0.913096,0.862169,0.786941
27,43200,0.999916,0.912558,0.861507,0.786109
28,44800,0.999245,0.912426,0.855875,0.780333
29,46400,0.999668,0.911286,0.859578,0.783060
30,48000,0.999315,0.910520,0.871859,0.793301
31,49600,0.999782,0.909770,0.873244,0.794278
32,51200,0.999982,0.909487,0.876241,0.796916
33,52800,0.999750,0.908907,0.876078,0.796074
34,54400,0.998531,0.909829,0.870118,0.790496
35,56000,0.999648,0.909678,0.877781,0.798218
36,57600,0.984283,0.913094,0.854647,0.768108
37,59200,0.998213,0.917781,0.848590,0.777428
38,60800,0.993168,0.919540,0.875425,0.799489
39,62400,0.991376,0.919491,0.850161,0.774974
40,64000,0.998114,0.919243,0.880998,0.808324
41,65600,0.997284,0.922457,0.861676,0.792699
42,67200,0.919571,0.923346,0.778654,0.661141
43,68800,0.639141,0.887871,0.581022,0.329715
44,70400,0.864801,0.849942,0.713085,0.524139
45,72000,0.900033,0.845256,0.794723,0.604592
46,73600,0.959480,0.847655,0.785735,0.639044
47,75200,0.951583,0.837346,0.837718,0.667497
48,76800,0.905549,0.822951,0.845078,0.629771
49,78400,0.926614,0.809668,0.786739,0.590250
50,80000,0.885674,0.796859,0.730342,0.515444
1,1600,0.732237,0.896683,0.190385,0.125004
2,3200,0.329998,0.909089,0.085947,0.025784
3,4800,0.219227,0.914899,0.034362,0.006892
4,6400,0.182066,0.919976,0.008588,0.001439
5,8000,0.530190,0.902150,0.074238,0.035509
6,9600,0.911757,0.891319,0.639049,0.519333
7,11200,0.868010,0.886762,0.739744,0.569394
8,12800,0.966228,0.872257,0.865993,0.729858
9,14400,0.917750,0.881860,0.739950,0.598861
10,16000,0.783910,0.879058,0.654816,0.451235
11,17600,0.866103,0.863243,0.698707,0.522394
12,19200,0.914191,0.844248,0.711543,0.549172
13,20800,0.968166,0.830159,0.778125,0.625404
14,22400,0.977850,0.823452,0.764362,0.615474
15,24000,0.989047,0.818632,0.837270,0.677908
16,25600,0.997118,0.815616,0.803798,0.653701
17,27200,0.995727,0.813647,0.828830,0.671493
18,28800,0.998806,0.813788,0.833463,0.677452
19,30400,0.999320,0.815160,0.846991,0.689964
20,32000,0.998544,0.817117,0.843477,0.688217
21,33600,0.997883,0.819790,0.845478,0.691647
22,35200,0.997741,0.822556,0.843726,0.692444
23,36800,0.998234,0.825427,0.847347,0.698189
24,38400,0.998225,0.827957,0.847198,0.700199
25,40000,0.998323,0.830352,0.846335,0.701578
26,41600,0.998026,0.833148,0.845211,0.702796
27,43200,0.997961,0.835920,0.848777,0.708063
28,44800,0.998273,0.838653,0.846862,0.708997
29,46400,0.998560,0.840834,0.848922,0.712775
30,48000,0.998854,0.842327,0.846055,0.711838
31,49600,0.999297,0.843880,0.844039,0.711767
32,51200,0.999275,0.845024,0.841934,0.710938
33,52800,0.999478,0.846251,0.839453,0.710017
34,54400,0.999436,0.847360,0.841082,0.712297
35,56000,0.999647,0.848028,0.839475,0.711647
36,57600,0.999642,0.848518,0.835867,0.708995
37,59200,0.994586,0.850427,0.805749,0.681520
38,60800,0.995515,0.851619,0.841168,0.713142
39,62400,0.998995,0.852512,0.849740,0.723686
40,64000,0.998631,0.854353,0.846219,0.721980
41,65600,0.998608,0.856457,0.846280,0.723794
42,67200,0.998515,0.858539,0.848409,0.727311
43,68800,0.998575,0.860479,0.848567,0.729134
1,1600,0.690140,0.893609,0.129272,0.079724
2,3200,0.431193,0.900861,0.054275,0.021083
1,1600,0.690140,0.893609,0.129272,0.079724
2,3200,0.431193,0.900861,0.054275,0.021083
3,4800,0.456839,0.905295,0.040466,0.016736
1,1600,0.690140,0.893609,0.129272,0.079724
2,3200,0.431193,0.900861,0.054275,0.021083
3,4800,0.456839,0.905295,0.040466,0.016736
4,6400,0.591116,0.908799,0.051694,0.027771
5,8000,0.822065,0.910368,0.406779,0.304426
6,9600,0.937461,0.877994,0.600429,0.494204
7,11200,0.988178,0.867637,0.874201,0.749522
8,12800,0.982561,0.873829,0.855869,0.734841
9,14400,0.966585,0.880617,0.838742,0.713930
10,16000,0.888844,0.880367,0.769114,0.601838
11,17600,0.919347,0.880699,0.800184,0.647884
12,19200,0.943320,0.890249,0.787689,0.661493
13,20800,0.915135,0.907541,0.807888,0.670969
14,22400,0.962476,0.915937,0.699505,0.616661
15,24000,0.970159,0.916777,0.689504,0.613258
16,25600,0.987086,0.916252,0.816686,0.738627
17,27200,0.870426,0.919109,0.753960,0.603181
18,28800,0.873969,0.882239,0.535319,0.412758
19,30400,0.922369,0.853444,0.731977,0.576205
20,32000,0.912771,0.847071,0.786124,0.607816
21,33600,0.972869,0.854970,0.862373,0.717299
22,35200,0.955106,0.870413,0.855480,0.711191
23,36800,0.934934,0.883523,0.797013,0.658361
24,38400,0.926750,0.905035,0.775686,0.650599
25,40000,0.915937,0.927364,0.692698,0.588382
26,41600,0.860239,0.927968,0.656037,0.523697
27,43200,0.955048,0.908993,0.678144,0.588719
28,44800,0.976058,0.905848,0.831075,0.734804
29,46400,0.990530,0.915556,0.846777,0.767929
30,48000,0.976965,0.924653,0.801024,0.723608
31,49600,0.974473,0.925572,0.770844,0.695258
32,51200,0.983635,0.920493,0.788753,0.714160
33,52800,0.998561,0.918951,0.865957,0.794627
34,54400,0.999181,0.922394,0.836124,0.770603
35,56000,0.999904,0.923276,0.815109,0.752499
36,57600,0.999877,0.923018,0.801297,0.739520
37,59200,0.999963,0.923090,0.797199,0.735860
38,60800,0.999957,0.923048,0.793511,0.732417
39,62400,0.999210,0.922929,0.790588,0.729081
40,64000,0.995705,0.924598,0.818641,0.753664
41,65600,0.962470,0.919782,0.756921,0.670073
42,67200,0.998540,0.914286,0.858012,0.783324
43,68800,0.992188,0.917807,0.866220,0.788812
44,70400,0.998160,0.922267,0.824326,0.758850
45,72000,0.997067,0.923325,0.836819,0.770390
1,1600,0.690140,0.893609,0.129272,0.079724
2,3200,0.431193,0.900861,0.054275,0.021083
3,4800,0.456839,0.905295,0.040466,0.016736
4,6400,0.591116,0.908799,0.051694,0.027771
5,8000,0.822065,0.910368,0.406779,0.304426
6,9600,0.937461,0.877994,0.600429,0.494204
7,11200,0.988178,0.867637,0.874201,0.749522
8,12800,0.982561,0.873829,0.855869,0.734841
9,14400,0.966585,0.880617,0.838742,0.713930
10,16000,0.888844,0.880367,0.769114,0.601838
11,17600,0.919347,0.880699,0.800184,0.647884
12,19200,0.943320,0.890249,0.787689,0.661493
13,20800,0.915135,0.907541,0.807888,0.670969
14,22400,0.962476,0.915937,0.699505,0.616661
15,24000,0.970159,0.916777,0.689504,0.613258
16,25600,0.987086,0.916252,0.816686,0.738627
17,27200,0.870426,0.919109,0.753960,0.603181
18,28800,0.873969,0.882239,0.535319,0.412758
19,30400,0.922369,0.853444,0.731977,0.576205
20,32000,0.912771,0.847071,0.786124,0.607816
21,33600,0.972869,0.854970,0.862373,0.717299
22,35200,0.955106,0.870413,0.855480,0.711191
23,36800,0.934934,0.883523,0.797013,0.658361
24,38400,0.926750,0.905035,0.775686,0.650599
25,40000,0.915937,0.927364,0.692698,0.588382
26,41600,0.860239,0.927968,0.656037,0.523697
27,43200,0.955048,0.908993,0.678144,0.588719
28,44800,0.976058,0.905848,0.831075,0.734804
29,46400,0.990530,0.915556,0.846777,0.767929
30,48000,0.976965,0.924653,0.801024,0.723608
31,49600,0.974473,0.925572,0.770844,0.695258
32,51200,0.983635,0.920493,0.788753,0.714160
33,52800,0.998561,0.918951,0.865957,0.794627
34,54400,0.999181,0.922394,0.836124,0.770603
35,56000,0.999904,0.923276,0.815109,0.752499
36,57600,0.999877,0.923018,0.801297,0.739520
37,59200,0.999963,0.923090,0.797199,0.735860
38,60800,0.999957,0.923048,0.793511,0.732417
39,62400,0.999210,0.922929,0.790588,0.729081
40,64000,0.995705,0.924598,0.818641,0.753664
41,65600,0.962470,0.919782,0.756921,0.670073
42,67200,0.998540,0.914286,0.858012,0.783324
43,68800,0.992188,0.917807,0.866220,0.788812
44,70400,0.998160,0.922267,0.824326,0.758850
1,1600,0.690140,0.893609,0.129272,0.079724
2,3200,0.431193,0.900861,0.054275,0.021083
3,4800,0.456839,0.905295,0.040466,0.016736
4,6400,0.591116,0.908799,0.051694,0.027771
5,8000,0.822065,0.910368,0.406779,0.304426
6,9600,0.937461,0.877994,0.600429,0.494204
7,11200,0.988178,0.867637,0.874201,0.749522
8,12800,0.982561,0.873829,0.855869,0.734841
9,14400,0.966585,0.880617,0.838742,0.713930
10,16000,0.888844,0.880367,0.769114,0.601838
11,17600,0.919347,0.880699,0.800184,0.647884
12,19200,0.943320,0.890249,0.787689,0.661493
13,20800,0.915135,0.907541,0.807888,0.670969
14,22400,0.962476,0.915937,0.699505,0.616661
15,24000,0.970159,0.916777,0.689504,0.613258
16,25600,0.987086,0.916252,0.816686,0.738627
17,27200,0.870426,0.919109,0.753960,0.603181
18,28800,0.873969,0.882239,0.535319,0.412758
19,30400,0.922369,0.853444,0.731977,0.576205
20,32000,0.912771,0.847071,0.786124,0.607816
21,33600,0.972869,0.854970,0.862373,0.717299
22,35200,0.955106,0.870413,0.855480,0.711191
23,36800,0.934934,0.883523,0.797013,0.658361
24,38400,0.926750,0.905035,0.775686,0.650599
25,40000,0.915937,0.927364,0.692698,0.588382
26,41600,0.860239,0.927968,0.656037,0.523697
27,43200,0.955048,0.908993,0.678144,0.588719
28,44800,0.976058,0.905848,0.831075,0.734804
29,46400,0.990530,0.915556,0.846777,0.767929
30,48000,0.976965,0.924653,0.801024,0.723608
31,49600,0.974473,0.925572,0.770844,0.695258
32,51200,0.983635,0.920493,0.788753,0.714160
33,52800,0.998561,0.918951,0.865957,0.794627
34,54400,0.999181,0.922394,0.836124,0.770603
35,56000,0.999904,0.923276,0.815109,0.752499
36,57600,0.999877,0.923018,0.801297,0.739520
37,59200,0.999963,0.923090,0.797199,0.735860
38,60800,0.999957,0.923048,0.793511,0.732417
39,62400,0.999210,0.922929,0.790588,0.729081
40,64000,0.995705,0.924598,0.818641,0.753664
41,65600,0.962470,0.919782,0.756921,0.670073
42,67200,0.998540,0.914286,0.858012,0.783324
43,68800,0.992188,0.917807,0.866220,0.788812
44,70400,0.998160,0.922267,0.824326,0.758850
45,72000,0.997067,0.923325,0.836819,0.770390
46,73600,0.998016,0.925558,0.823538,0.760720
47,75200,0.986637,0.918051,0.784880,0.710931
48,76800,0.970635,0.921798,0.839458,0.751087
49,78400,0.977638,0.921305,0.755779,0.680732
50,80000,0.902532,0.925815,0.783104,0.654345
1,1600,0.723251,0.895876,0.166704,0.108015
2,3200,0.294212,0.903318,0.060796,0.016158
3,4800,0.053821,0.908495,0.016176,0.000791
4,6400,0.105008,0.913351,0.003596,0.000345
5,8000,0.282604,0.909313,0.155591,0.039983
6,9600,0.829473,0.869075,0.556490,0.401159
7,11200,0.885321,0.842226,0.771040,0.574919
8,12800,0.994580,0.827077,0.770435,0.633755
9,14400,0.977878,0.821289,0.773180,0.620957
10,16000,0.961510,0.817950,0.806220,0.634065
11,17600,0.958238,0.811474,0.817531,0.635700
12,19200,0.948219,0.802607,0.801400,0.609903
13,20800,0.953301,0.790961,0.795019,0.599464
14,22400,0.952959,0.777766,0.793212,0.587912
15,24000,0.951865,0.764089,0.797897,0.580318
16,25600,0.793297,0.750493,0.767774,0.457104
17,27200,0.772871,0.725062,0.635212,0.355960
18,28800,0.838812,0.701906,0.677566,0.398929
19,30400,0.732731,0.682078,0.683486,0.341593
20,32000,0.819506,0.660408,0.646251,0.349757
21,33600,0.869989,0.641980,0.701480,0.391788
22,35200,0.894256,0.626371,0.739090,0.413991
23,36800,0.919729,0.613244,0.754818,0.425731
24,38400,0.924855,0.601380,0.776141,0.431682
25,40000,0.940104,0.590724,0.771475,0.428432
26,41600,0.943840,0.581242,0.804311,0.441245
27,43200,0.954879,0.572463,0.787012,0.430207
28,44800,0.954035,0.564603,0.815482,0.439260
29,46400,0.951667,0.556520,0.809729,0.428850
30,48000,0.946771,0.548533,0.799334,0.415122
31,49600,0.940701,0.540825,0.779459,0.396553
32,51200,0.940528,0.532974,0.787417,0.394714
33,52800,0.928673,0.524828,0.770901,0.375733
34,54400,0.940775,0.517021,0.782388,0.380554
35,56000,0.968289,0.500308,0.690993,0.334746
36,57600,0.982989,0.481601,0.630902,0.298674
37,59200,0.949211,0.461651,0.636977,0.279126
38,60800,0.864819,0.444129,0.636351,0.244417
39,62400,0.996257,0.428501,0.626708,0.267540
40,64000,0.757542,0.412253,0.648395,0.202493
41,65600,0.949854,0.398127,0.649370,0.245568
42,67200,0.957273,0.386127,0.651801,0.240924
43,68800,0.944136,0.373959,0.653991,0.230903
44,70400,0.943719,0.361756,0.629342,0.214855
45,72000,0.894524,0.351012,0.625017,0.196248
46,73600,0.885479,0.341238,0.605438,0.182939
47,75200,0.989586,0.331737,0.595605,0.195526
48,76800,0.893473,0.321907,0.633533,0.182214
49,78400,0.993495,0.312595,0.582943,0.181040
50,80000,0.881996,0.304244,0.595477,0.159792
1,1600,0.721162,0.896071,0.172497,0.111470
2,3200,0.315919,0.904267,0.065472,0.018704
3,4800,0.075946,0.909721,0.020092,0.001388
4,6400,0.110534,0.913968,0.003136,0.000317
5,8000,0.676100,0.914040,0.190765,0.117889
1,1600,0.690140,0.893609,0.129272,0.079724
2,3200,0.431193,0.900861,0.054275,0.021083
3,4800,0.456839,0.905295,0.040466,0.016736
4,6400,0.591116,0.908799,0.051694,0.027771
5,8000,0.822065,0.910368,0.406779,0.304426
6,9600,0.937461,0.877994,0.600429,0.494204
7,11200,0.988178,0.867637,0.874201,0.749522
8,12800,0.982561,0.873829,0.855869,0.734841
9,14400,0.966585,0.880617,0.838742,0.713930
10,16000,0.888844,0.880367,0.769114,0.601838
11,17600,0.919347,0.880699,0.800184,0.647884
12,19200,0.943320,0.890249,0.787689,0.661493
13,20800,0.915135,0.907541,0.807888,0.670969
14,22400,0.962476,0.915937,0.699505,0.616661
15,24000,0.970159,0.916777,0.689504,0.613258
16,25600,0.987086,0.916252,0.816686,0.738627
17,27200,0.870426,0.919109,0.753960,0.603181
18,28800,0.873969,0.882239,0.535319,0.412758
19,30400,0.922369,0.853444,0.731977,0.576205
20,32000,0.912771,0.847071,0.786124,0.607816
21,33600,0.972869,0.854970,0.862373,0.717299
22,35200,0.955106,0.870413,0.855480,0.711191
23,36800,0.934934,0.883523,0.797013,0.658361
24,38400,0.926750,0.905035,0.775686,0.650599
25,40000,0.915937,0.927364,0.692698,0.588382
26,41600,0.860239,0.927968,0.656037,0.523697
27,43200,0.955048,0.908993,0.678144,0.588719
28,44800,0.976058,0.905848,0.831075,0.734804
29,46400,0.990530,0.915556,0.846777,0.767929
30,48000,0.976965,0.924653,0.801024,0.723608
31,49600,0.974473,0.925572,0.770844,0.695258
32,51200,0.983635,0.920493,0.788753,0.714160
33,52800,0.998561,0.918951,0.865957,0.794627
34,54400,0.999181,0.922394,0.836124,0.770603
35,56000,0.999904,0.923276,0.815109,0.752499
36,57600,0.999877,0.923018,0.801297,0.739520
37,59200,0.999963,0.923090,0.797199,0.735860
38,60800,0.999957,0.923048,0.793511,0.732417
39,62400,0.999210,0.922929,0.790588,0.729081
40,64000,0.995705,0.924598,0.818641,0.753664
41,65600,0.962470,0.919782,0.756921,0.670073
42,67200,0.998540,0.914286,0.858012,0.783324
43,68800,0.992188,0.917807,0.866220,0.788812
44,70400,0.998160,0.922267,0.824326,0.758850
45,72000,0.997067,0.923325,0.836819,0.770390
46,73600,0.998016,0.925558,0.823538,0.760720
47,75200,0.986637,0.918051,0.784880,0.710931
48,76800,0.970635,0.921798,0.839458,0.751087
49,78400,0.977638,0.921305,0.755779,0.680732
50,80000,0.902532,0.925815,0.783104,0.654345
1,1600,0.723251,0.895876,0.166704,0.108015
2,3200,0.294212,0.903318,0.060796,0.016158
3,4800,0.053821,0.908495,0.016176,0.000791
4,6400,0.105008,0.913351,0.003596,0.000345
5,8000,0.282604,0.909313,0.155591,0.039983
6,9600,0.829473,0.869075,0.556490,0.401159
7,11200,0.885321,0.842226,0.771040,0.574919
8,12800,0.994580,0.827077,0.770435,0.633755
9,14400,0.977878,0.821289,0.773180,0.620957
10,16000,0.961510,0.817950,0.806220,0.634065
11,17600,0.958238,0.811474,0.817531,0.635700
12,19200,0.948219,0.802607,0.801400,0.609903
13,20800,0.953301,0.790961,0.795019,0.599464
14,22400,0.952959,0.777766,0.793212,0.587912
15,24000,0.951865,0.764089,0.797897,0.580318
16,25600,0.793297,0.750493,0.767774,0.457104
17,27200,0.772871,0.725062,0.635212,0.355960
18,28800,0.838812,0.701906,0.677566,0.398929
19,30400,0.732731,0.682078,0.683486,0.341593
20,32000,0.819506,0.660408,0.646251,0.349757
21,33600,0.869989,0.641980,0.701480,0.391788
22,35200,0.894256,0.626371,0.739090,0.413991
23,36800,0.919729,0.613244,0.754818,0.425731
24,38400,0.924855,0.601380,0.776141,0.431682
25,40000,0.940104,0.590724,0.771475,0.428432
26,41600,0.943840,0.581242,0.804311,0.441245
27,43200,0.954879,0.572463,0.787012,0.430207
28,44800,0.954035,0.564603,0.815482,0.439260
29,46400,0.951667,0.556520,0.809729,0.428850
30,48000,0.946771,0.548533,0.799334,0.415122
31,49600,0.940701,0.540825,0.779459,0.396553
32,51200,0.940528,0.532974,0.787417,0.394714
33,52800,0.928673,0.524828,0.770901,0.375733
34,54400,0.940775,0.517021,0.782388,0.380554
35,56000,0.968289,0.500308,0.690993,0.334746
36,57600,0.982989,0.481601,0.630902,0.298674
37,59200,0.949211,0.461651,0.636977,0.279126
38,60800,0.864819,0.444129,0.636351,0.244417
39,62400,0.996257,0.428501,0.626708,0.267540
40,64000,0.757542,0.412253,0.648395,0.202493
41,65600,0.949854,0.398127,0.649370,0.245568
42,67200,0.957273,0.386127,0.651801,0.240924
43,68800,0.944136,0.373959,0.653991,0.230903
44,70400,0.943719,0.361756,0.629342,0.214855
45,72000,0.894524,0.351012,0.625017,0.196248
46,73600,0.885479,0.341238,0.605438,0.182939
47,75200,0.989586,0.331737,0.595605,0.195526
48,76800,0.893473,0.321907,0.633533,0.182214
49,78400,0.993495,0.312595,0.582943,0.181040
50,80000,0.881996,0.304244,0.595477,0.159792
1,1600,0.721162,0.896071,0.172497,0.111470
2,3200,0.315919,0.904267,0.065472,0.018704
3,4800,0.075946,0.909721,0.020092,0.001388
4,6400,0.110534,0.913968,0.003136,0.000317
5,8000,0.676100,0.914040,0.190765,0.117889
6,9600,0.962860,0.905803,0.638486,0.556862
7,11200,0.986930,0.903892,0.660027,0.588796
8,12800,0.996714,0.906142,0.715708,0.646402
9,14400,0.963192,0.918615,0.781435,0.691416
10,16000,0.982414,0.923686,0.763464,0.692799
11,17600,0.991271,0.913179,0.850728,0.770087
12,19200,0.996564,0.912311,0.870817,0.791727
13,20800,0.993081,0.916892,0.844947,0.769365
14,22400,0.965481,0.920966,0.782289,0.695592
15,24000,0.986796,0.915682,0.805373,0.727728
16,25600,0.999265,0.911177,0.835169,0.760427
17,27200,0.998867,0.913990,0.842414,0.769086
18,28800,0.994995,0.917726,0.838276,0.765457
19,30400,0.989441,0.922802,0.791891,0.723043
20,32000,0.993241,0.920935,0.783952,0.717089
21,33600,0.994117,0.915356,0.767822,0.698696
22,35200,0.985816,0.920699,0.754603,0.684908
23,36800,0.986672,0.919868,0.738952,0.670679
24,38400,0.993532,0.911164,0.785283,0.710893
25,40000,0.991541,0.910747,0.833517,0.752702
26,41600,0.994114,0.915167,0.724999,0.659589
27,43200,0.985710,0.923299,0.718063,0.653513
28,44800,0.991200,0.926220,0.671956,0.616903
29,46400,0.965181,0.926162,0.687617,0.614671
30,48000,0.993799,0.921218,0.772037,0.706804
31,49600,0.984569,0.923442,0.825591,0.750621
32,51200,0.684658,0.902346,0.460571,0.284540
33,52800,0.616514,0.856310,0.480308,0.253568
34,54400,0.735920,0.823724,0.513516,0.311290
35,56000,0.826678,0.798589,0.510817,0.337229
36,57600,0.901481,0.776195,0.568442,0.397753
37,59200,0.930562,0.761160,0.706158,0.500176
38,60800,0.954098,0.750775,0.731283,0.523827
39,62400,0.963457,0.743284,0.769868,0.551319
40,64000,0.969662,0.737307,0.782457,0.559409
41,65600,0.971174,0.732108,0.778617,0.553600
42,67200,0.858897,0.727573,0.660476,0.412739
43,68800,0.702453,0.721296,0.494563,0.250584
44,70400,0.815292,0.701652,0.630686,0.360785
45,72000,0.875781,0.684077,0.661456,0.396279
46,73600,0.920875,0.666608,0.730690,0.448543
47,75200,0.918283,0.653619,0.711841,0.427252
48,76800,0.945362,0.639572,0.747565,0.451998
49,78400,0.972459,0.628810,0.741035,0.453137
50,80000,0.962066,0.619360,0.762908,0.454590
1,1600,0.728066,0.896264,0.177099,0.115564
2,3200,0.341830,0.905595,0.073778,0.022839
3,4800,0.114245,0.910810,0.026763,0.002785
4,6400,0.081755,0.915052,0.000111,0.000008
5,8000,0.694690,0.909705,0.198925,0.125713
6,9600,0.965968,0.900857,0.664578,0.578316
7,11200,0.982644,0.901788,0.736610,0.652737
8,12800,0.985309,0.910794,0.710163,0.637310
9,14400,0.982198,0.924341,0.739713,0.671575
10,16000,0.977694,0.924880,0.642639,0.581106
11,17600,0.996445,0.921506,0.718844,0.660065
12,19200,0.880130,0.914385,0.640266,0.515272
13,20800,0.961638,0.906484,0.757349,0.660188
14,22400,0.998654,0.902815,0.801357,0.722504
15,24000,0.977520,0.907959,0.841636,0.746993
16,25600,0.982123,0.919402,0.768491,0.693922
17,27200,0.994700,0.915652,0.643939,0.586499
18,28800,0.953382,0.913946,0.719831,0.627216
19,30400,0.972949,0.912038,0.703889,0.624607
20,32000,0.984508,0.910801,0.700022,0.627703
21,33600,0.937876,0.909589,0.737432,0.629090
22,35200,0.914385,0.894395,0.647972,0.529925
23,36800,0.940069,0.875608,0.678328,0.558353
24,38400,0.929631,0.864037,0.790508,0.634964
25,40000,0.968970,0.850280,0.852866,0.702673
26,41600,0.950644,0.844174,0.852351,0.684019
27,43200,0.971872,0.842644,0.747826,0.612426
28,44800,0.984268,0.841502,0.723095,0.598913
29,46400,0.976664,0.835859,0.800867,0.653791
30,48000,0.941649,0.828683,0.713955,0.557120
31,49600,0.975517,0.822168,0.727847,0.583762
32,51200,0.792627,0.822072,0.688303,0.448496
33,52800,0.747423,0.812281,0.395512,0.240122
34,54400,0.707096,0.800963,0.375836,0.212858
35,56000,0.847534,0.784789,0.543134,0.361258
36,57600,0.899880,0.766374,0.667534,0.460361
37,59200,0.860452,0.753650,0.723751,0.469338
38,60800,0.967274,0.743098,0.807479,0.580399
39,62400,0.961693,0.736402,0.870520,0.616496
40,64000,0.936589,0.732099,0.828938,0.568382
41,65600,0.780632,0.727919,0.724551,0.411717
42,67200,0.761090,0.693231,0.602214,0.317735
43,68800,0.803372,0.665247,0.629400,0.336377
44,70400,0.825569,0.636697,0.693696,0.364633
45,72000,0.603905,0.606431,0.442239,0.161960
46,73600,0.642684,0.574983,0.445362,0.164576
47,75200,0.762677,0.550536,0.582591,0.244619
48,76800,0.792347,0.528009,0.676414,0.282988
49,78400,0.814774,0.506166,0.634347,0.261612
50,80000,0.789642,0.484445,0.640928,0.245179
1,1600,0.726748,0.896348,0.180426,0.117533
2,3200,0.343778,0.905989,0.075336,0.023464
3,4800,0.113251,0.911355,0.028121,0.002902
4,6400,0.062608,0.915498,0.000861,0.000049
5,8000,0.718455,0.908174,0.173188,0.113002
6,9600,0.965030,0.896874,0.695575,0.602027
7,11200,0.977296,0.897575,0.793295,0.695875
8,12800,0.982167,0.911884,0.723909,0.648349
9,14400,0.989530,0.910967,0.790460,0.712544
10,16000,0.991064,0.917885,0.817416,0.743589
11,17600,0.951183,0.924297,0.721552,0.634371
12,19200,0.994849,0.909109,0.750944,0.679174
13,20800,0.977741,0.914890,0.778538,0.696422
14,22400,0.945181,0.909809,0.707635,0.608519
15,24000,0.984136,0.897064,0.830988,0.733624
16,25600,0.943187,0.900934,0.847378,0.720059
17,27200,0.980428,0.896924,0.832031,0.731662
18,28800,0.988164,0.899302,0.846413,0.752172
19,30400,0.985511,0.913580,0.809822,0.729118
20,32000,0.991190,0.914611,0.763756,0.692385
21,33600,0.975053,0.916886,0.753994,0.674079
22,35200,0.980917,0.926941,0.789560,0.717909
23,36800,0.980213,0.920691,0.749800,0.676674
24,38400,0.970022,0.913690,0.729831,0.646849
25,40000,0.999535,0.907358,0.767426,0.696006
26,41600,0.993145,0.911878,0.778162,0.704724
27,43200,0.996894,0.920932,0.783800,0.719585
28,44800,0.994068,0.924583,0.777401,0.714507
29,46400,0.995342,0.916492,0.831332,0.758361
30,48000,0.999319,0.914961,0.863985,0.789975
31,49600,0.722082,0.917745,0.725000,0.480448
32,51200,0.551218,0.885896,0.368636,0.180013
33,52800,0.707753,0.839887,0.542320,0.322372
34,54400,0.828242,0.812100,0.664129,0.446703
35,56000,0.810812,0.783537,0.656911,0.417336
36,57600,0.745444,0.756407,0.637482,0.359450
37,59200,0.791183,0.728384,0.677318,0.390328
38,60800,0.894030,0.702536,0.722774,0.453966
39,62400,0.940996,0.684031,0.820083,0.527863
40,64000,0.947507,0.670927,0.782305,0.497318
41,65600,0.947669,0.658859,0.731655,0.456831
42,67200,0.872657,0.647276,0.692995,0.391438
43,68800,0.903384,0.629399,0.692945,0.394001
44,70400,0.924718,0.614123,0.718025,0.407760
45,72000,0.800470,0.600338,0.673228,0.323521
46,73600,0.644559,0.575205,0.408448,0.151433
47,75200,0.697481,0.553628,0.441958,0.170660
48,76800,0.792449,0.530376,0.594867,0.250021
49,78400,0.836557,0.510716,0.587005,0.250794
50,80000,0.837483,0.493535,0.584985,0.241790
1,1600,0.733710,0.896559,0.185739,0.122182
2,3200,0.332739,0.908468,0.083815,0.025336
3,4800,0.194090,0.915811,0.034803,0.006186
4,6400,0.155814,0.919851,0.014648,0.002099
5,8000,0.558841,0.905171,0.073108,0.036981
6,9600,0.817808,0.894892,0.493632,0.361265
7,11200,0.956554,0.883294,0.581354,0.491197
8,12800,0.912915,0.884824,0.685514,0.553737
9,14400,0.950403,0.895302,0.809225,0.688567
10,16000,0.954272,0.913310,0.764518,0.666313
11,17600,0.843225,0.908079,0.525706,0.402541
12,19200,0.962190,0.891347,0.573060,0.491482
13,20800,0.963673,0.890436,0.804514,0.690345
14,22400,0.910379,0.908222,0.834289,0.689812
15,24000,0.935030,0.908516,0.785742,0.667480
16,25600,0.987527,0.899624,0.873680,0.776180
17,27200,0.996502,0.902942,0.833799,0.750239
18,28800,0.984895,0.908871,0.820622,0.734573
19,30400,0.957951,0.919129,0.750705,0.660981
20,32000,0.957801,0.917539,0.612340,0.538137
21,33600,0.937273,0.914888,0.653034,0.559977
22,35200,0.561079,0.896745,0.490342,0.246713
23,36800,0.733349,0.867136,0.547594,0.348222
24,38400,0.804567,0.846485,0.689780,0.469777
25,40000,0.842502,0.826407,0.723708,0.503881
26,41600,0.792525,0.809531,0.649595,0.416763
27,43200,0.869343,0.788779,0.661790,0.453803
28,44800,0.855435,0.769143,0.627124,0.412617
29,46400,0.878990,0.751259,0.609704,0.402617
30,48000,0.904730,0.736003,0.654483,0.435810
31,49600,0.939557,0.724232,0.709287,0.482640
32,51200,0.907282,0.709864,0.705223,0.454196
33,52800,0.933932,0.694757,0.766177,0.497138
34,54400,0.916620,0.681359,0.742837,0.463937
35,56000,0.939741,0.668400,0.710816,0.446480
36,57600,0.899502,0.656916,0.651282,0.384841
37,59200,0.769409,0.644821,0.710217,0.352361
38,60800,0.655346,0.625792,0.540803,0.221789
39,62400,0.736825,0.605273,0.573599,0.255814
40,64000,0.823112,0.587397,0.639901,0.309388
41,65600,0.872107,0.572887,0.706227,0.352844
42,67200,0.899828,0.560686,0.736078,0.371366
43,68800,0.917047,0.550060,0.751223,0.378940
44,70400,0.911852,0.540610,0.736163,0.362896
45,72000,0.930764,0.532024,0.771962,0.382267
46,73600,0.934184,0.523680,0.772680,0.378006
47,75200,0.949341,0.516437,0.742156,0.363860
48,76800,0.943352,0.509494,0.790639,0.380006
49,78400,0.944536,0.502447,0.785767,0.372908
50,80000,0.943264,0.496604,0.758353,0.355234
1,1600,0.728897,0.896580,0.189108,0.123585
2,3200,0.322595,0.908614,0.084267,0.024700
3,4800,0.178992,0.914941,0.034731,0.005688
4,6400,0.069049,0.918317,0.021245,0.001347
5,8000,0.230397,0.913286,0.144157,0.030333
6,9600,0.732641,0.871335,0.324549,0.207184
7,11200,0.851136,0.838500,0.671572,0.479285
8,12800,0.949739,0.828241,0.726117,0.571173
9,14400,0.942695,0.826113,0.782900,0.609702
10,16000,0.923754,0.816416,0.722097,0.544582
11,17600,0.893991,0.802303,0.693148,0.497161
12,19200,0.879683,0.786084,0.642261,0.444126
13,20800,0.904075,0.770279,0.638097,0.444364
14,22400,0.897165,0.751378,0.668257,0.450479
15,24000,0.857548,0.733047,0.668026,0.419936
16,25600,0.613219,0.714425,0.556454,0.243782
17,27200,0.797037,0.690691,0.508552,0.279961
18,28800,0.820927,0.671060,0.654780,0.360713
19,30400,0.796067,0.653512,0.577429,0.300401
20,32000,0.864948,0.637359,0.655661,0.361455
21,33600,0.604886,0.622196,0.673266,0.253389
22,35200,0.566430,0.608856,0.404425,0.139476
23,36800,0.706399,0.595291,0.549715,0.231162
24,38400,0.801628,0.580309,0.610488,0.283994
25,40000,0.896027,0.565842,0.764516,0.387617
26,41600,0.894426,0.554251,0.821232,0.407115
27,43200,0.875317,0.544863,0.799824,0.381458
28,44800,0.876010,0.536999,0.776743,0.365392
29,46400,0.924141,0.529472,0.775707,0.379559
30,48000,0.937146,0.521458,0.796557,0.389263
31,49600,0.950117,0.514249,0.785176,0.383634
32,51200,0.918138,0.507976,0.771364,0.359758
33,52800,0.820843,0.506112,0.517929,0.215168
34,54400,0.539502,0.503074,0.468544,0.127167
35,56000,0.675215,0.494196,0.473413,0.157972
36,57600,0.574565,0.475257,0.456917,0.124769
37,59200,0.577430,0.456986,0.515683,0.136077
38,60800,0.876609,0.438393,0.539382,0.207284
39,62400,0.793649,0.423369,0.595853,0.200210
40,64000,0.574542,0.408041,0.572790,0.134283
41,65600,0.769494,0.392843,0.488914,0.147794
42,67200,0.726349,0.379477,0.561608,0.154798
43,68800,0.921917,0.367126,0.650864,0.220291
44,70400,0.759554,0.354658,0.655860,0.176677
45,72000,0.928456,0.343120,0.621704,0.198057
46,73600,0.819566,0.333115,0.568872,0.155308
47,75200,0.561097,0.323749,0.590079,0.107191
48,76800,0.427553,0.313685,0.485675,0.065137
49,78400,0.571514,0.302510,0.475060,0.082133
50,80000,0.466978,0.293315,0.318090,0.043569
1,1600,0.733102,0.896678,0.192541,0.126568
2,3200,0.322021,0.909101,0.086964,0.025459
3,4800,0.196078,0.913871,0.035400,0.006343
4,6400,0.052041,0.920018,0.031713,0.001518
5,8000,0.510956,0.900752,0.100717,0.046355
6,9600,0.841144,0.889939,0.529906,0.396670
7,11200,0.973832,0.883096,0.709470,0.610135
8,12800,0.991024,0.883733,0.821929,0.719846
9,14400,0.961787,0.892171,0.862868,0.740408
10,16000,0.972650,0.908567,0.793445,0.701181
11,17600,0.968459,0.912696,0.701043,0.619658
12,19200,0.954536,0.902803,0.571973,0.492902
13,20800,0.945440,0.882266,0.610081,0.508886
14,22400,0.963564,0.867165,0.786494,0.657170
15,24000,0.989346,0.861223,0.854033,0.727677
16,25600,0.964658,0.866664,0.857486,0.716888
17,27200,0.958350,0.874831,0.818844,0.686514
18,28800,0.942358,0.888385,0.781053,0.653879
19,30400,0.930532,0.896787,0.744406,0.621198
20,32000,0.891587,0.902018,0.690012,0.554926
21,33600,0.885132,0.884619,0.418645,0.327801
22,35200,0.891282,0.859375,0.480381,0.367946
23,36800,0.952187,0.847160,0.596233,0.480954
24,38400,0.974158,0.852026,0.603986,0.501313
25,40000,0.980069,0.845680,0.675503,0.559874
26,41600,0.940087,0.838570,0.704888,0.555684
27,43200,0.954180,0.824524,0.735492,0.578644
28,44800,0.982456,0.808037,0.748205,0.593971
29,46400,0.983078,0.798140,0.728218,0.571384
30,48000,0.946840,0.784120,0.744090,0.552439
31,49600,0.956612,0.766240,0.800621,0.586851
32,51200,0.945463,0.749417,0.784155,0.555610
33,52800,0.901705,0.739194,0.709337,0.472798
34,54400,0.914315,0.730077,0.661548,0.441597
35,56000,0.963839,0.727116,0.700815,0.491147
36,57600,0.992411,0.728730,0.722703,0.522659
37,59200,0.966759,0.735277,0.696906,0.495386
38,60800,0.963905,0.736018,0.677773,0.480847
39,62400,0.833737,0.711685,0.571379,0.339033
40,64000,0.855950,0.686256,0.564544,0.331613
41,65600,0.859518,0.642949,0.478538,0.264453
42,67200,0.702697,0.603412,0.487415,0.206672
43,68800,0.760093,0.565555,0.528540,0.227206
44,70400,0.759608,0.531545,0.462465,0.186728
45,72000,0.721246,0.500301,0.490606,0.177030
46,73600,0.748590,0.471450,0.535734,0.189073
47,75200,0.772063,0.444907,0.528152,0.181418
48,76800,0.695069,0.421287,0.522435,0.152981
49,78400,0.657711,0.400660,0.503265,0.132620
50,80000,0.624732,0.381615,0.537181,0.128068
1,1600,0.733260,0.896718,0.196078,0.128926
2,3200,0.339567,0.909279,0.089245,0.027555
3,4800,0.199383,0.912794,0.043868,0.007984
4,6400,0.034741,0.920177,0.028879,0.000923
5,8000,0.515078,0.898213,0.105308,0.048721
6,9600,0.915990,0.886002,0.552003,0.447988
7,11200,0.991023,0.880694,0.783915,0.684192
8,12800,0.957834,0.887370,0.828109,0.703854
9,14400,0.932598,0.902050,0.802950,0.675482
10,16000,0.954544,0.897724,0.825101,0.707043
11,17600,0.969442,0.897417,0.822577,0.715638
12,19200,0.959864,0.899703,0.867084,0.748807
13,20800,0.959762,0.904283,0.866814,0.752305
14,22400,0.982366,0.903606,0.876969,0.778461
15,24000,0.990796,0.905289,0.871773,0.781942
16,25600,0.998180,0.906939,0.860326,0.778843
17,27200,0.889778,0.911686,0.795898,0.645631
18,28800,0.973258,0.924385,0.741909,0.667469
19,30400,0.996458,0.923397,0.812083,0.747219
20,32000,0.995575,0.920043,0.853981,0.782223
21,33600,0.995372,0.918772,0.853451,0.780497
22,35200,0.994214,0.920290,0.849753,0.777494
23,36800,0.987841,0.923035,0.817501,0.745407
24,38400,0.988321,0.923319,0.787673,0.718779
25,40000,0.987105,0.920829,0.852120,0.774539
26,41600,0.930566,0.921336,0.748799,0.641993
27,43200,0.985465,0.906593,0.865267,0.773043
28,44800,0.993680,0.905517,0.847434,0.762517
29,46400,0.992725,0.910627,0.804020,0.726836
30,48000,0.994880,0.917796,0.816543,0.745584
31,49600,0.994871,0.913984,0.839551,0.763401
32,51200,0.999530,0.911914,0.861563,0.785302
33,52800,0.997138,0.914448,0.848810,0.773970
34,54400,0.999352,0.916253,0.839769,0.768943
35,56000,0.999510,0.915638,0.848607,0.776636
36,57600,0.998441,0.915475,0.856396,0.782787
37,59200,0.977715,0.910789,0.810445,0.721695
38,60800,0.992199,0.900897,0.830025,0.741934
39,62400,0.984375,0.899079,0.884165,0.782514
40,64000,0.992629,0.902426,0.886717,0.794298
41,65600,0.985841,0.909855,0.856912,0.768626
42,67200,0.963551,0.910913,0.797004,0.699539
43,68800,0.954232,0.913604,0.731242,0.637490
44,70400,0.722909,0.888562,0.604180,0.388095
45,72000,0.566292,0.851673,0.548718,0.264645
46,73600,0.630911,0.816701,0.591072,0.304559
47,75200,0.678340,0.787866,0.604832,0.323247
48,76800,0.735931,0.762369,0.632422,0.354821
49,78400,0.824341,0.743153,0.648540,0.397303
50,80000,0.849666,0.727967,0.689265,0.426330
1,1600,0.733340,0.896754,0.199594,0.131258
2,3200,0.339078,0.909557,0.090805,0.028005
3,4800,0.182749,0.913055,0.042436,0.007081
4,6400,0.041232,0.920034,0.034866,0.001323
5,8000,0.534108,0.896587,0.134226,0.064277
6,9600,0.881392,0.880378,0.565591,0.438875
7,11200,0.992698,0.876405,0.780759,0.679264
8,12800,0.921940,0.892361,0.813860,0.669565
9,14400,0.949637,0.899865,0.800245,0.683846
10,16000,0.968782,0.903375,0.789040,0.690547
11,17600,0.955835,0.912679,0.824593,0.719351
12,19200,0.964654,0.911926,0.703952,0.619262
13,20800,0.990267,0.904174,0.896976,0.803129
14,22400,0.951350,0.910556,0.856547,0.741990
15,24000,0.994909,0.912793,0.872918,0.792736
16,25600,0.977908,0.912025,0.860485,0.767446
17,27200,0.787092,0.913909,0.717316,0.515987
18,28800,0.803515,0.893458,0.575115,0.412879
19,30400,0.840942,0.864615,0.694771,0.505162
20,32000,0.790827,0.840128,0.649819,0.431737
21,33600,0.850507,0.808490,0.609263,0.418945
22,35200,0.891712,0.783479,0.785472,0.548760
23,36800,0.908330,0.763833,0.794834,0.551466
24,38400,0.960133,0.757443,0.671794,0.488560
25,40000,0.996015,0.757675,0.656921,0.495749
26,41600,0.958619,0.755069,0.765653,0.554197
27,43200,0.969032,0.753460,0.775435,0.566165
28,44800,0.972826,0.746982,0.906191,0.658514
29,46400,0.944631,0.737834,0.850901,0.593061
30,48000,0.969204,0.728159,0.841340,0.593763
31,49600,0.509843,0.721373,0.522917,0.192322
32,51200,0.693590,0.713376,0.502615,0.248689
33,52800,0.838533,0.703750,0.660913,0.390016
34,54400,0.859216,0.692257,0.774947,0.460937
35,56000,0.835757,0.680843,0.740070,0.421114
36,57600,0.808634,0.669905,0.688138,0.372770
37,59200,0.781534,0.658843,0.675220,0.347676
38,60800,0.840735,0.646638,0.648190,0.352389
39,62400,0.849102,0.636510,0.697433,0.376936
40,64000,0.821825,0.630221,0.714477,0.370050
41,65600,0.842098,0.620322,0.708064,0.369873
42,67200,0.773209,0.607576,0.685464,0.322019
43,68800,0.900272,0.591877,0.726833,0.387293
44,70400,0.902276,0.579316,0.820751,0.429009
45,72000,0.875297,0.570083,0.781096,0.389761
46,73600,0.736235,0.556507,0.660956,0.270807
47,75200,0.574914,0.530814,0.449062,0.137041
48,76800,0.651011,0.503414,0.554883,0.181851
49,78400,0.735612,0.478188,0.712782,0.250729
50,80000,0.782659,0.457168,0.707839,0.253270
1,1600,0.734398,0.897079,0.207706,0.136839
2,3200,0.420448,0.916625,0.130639,0.050347
3,4800,0.165443,0.919582,0.031152,0.004739
4,6400,0.243689,0.923828,0.008018,0.001805
5,8000,0.315185,0.901274,0.047984,0.013631
6,9600,0.939950,0.880170,0.625424,0.517423
7,11200,0.930753,0.867874,0.822279,0.664218
8,12800,0.892807,0.855685,0.730519,0.558088
9,14400,0.890250,0.839606,0.720196,0.538317
10,16000,0.857018,0.820456,0.751443,0.528374
11,17600,0.770350,0.796611,0.668098,0.409991
12,19200,0.814861,0.770298,0.586224,0.367965
13,20800,0.794225,0.744552,0.549254,0.324797
14,22400,0.826981,0.718452,0.591428,0.351394
15,24000,0.834069,0.695009,0.666774,0.386519
16,25600,0.863999,0.674103,0.678916,0.395417
17,27200,0.705623,0.655182,0.633982,0.293097
18,28800,0.774229,0.634154,0.632579,0.310584
19,30400,0.825969,0.616043,0.676393,0.344171
20,32000,0.799497,0.600712,0.659571,0.316770
21,33600,0.752552,0.589820,0.534631,0.237307
22,35200,0.740814,0.578672,0.572029,0.245222
23,36800,0.831256,0.569098,0.680361,0.321856
24,38400,0.815578,0.559928,0.695023,0.317392
25,40000,0.802787,0.550971,0.660320,0.292068
26,41600,0.837149,0.542753,0.585180,0.265885
27,43200,0.807814,0.533166,0.677772,0.291916
28,44800,0.843950,0.522516,0.727678,0.320889
29,46400,0.948439,0.507624,0.723847,0.348496
30,48000,0.895232,0.485196,0.562193,0.244196
31,49600,0.786829,0.464235,0.553138,0.202047
32,51200,0.632541,0.444773,0.623536,0.175424
33,52800,0.859786,0.427194,0.613636,0.225386
34,54400,0.912823,0.410913,0.585387,0.219573
35,56000,0.909780,0.396271,0.587084,0.211655
36,57600,0.563716,0.382044,0.602518,0.129761
37,59200,0.786512,0.365987,0.467152,0.134471
38,60800,0.727589,0.351307,0.481560,0.123090
39,62400,0.736042,0.337033,0.493302,0.122374
40,64000,0.670830,0.324138,0.488894,0.106306
41,65600,0.705833,0.312263,0.493782,0.108833
42,67200,0.809296,0.300741,0.491176,0.119547
43,68800,0.886423,0.290281,0.484482,0.124663
44,70400,0.909099,0.280787,0.473283,0.120812
45,72000,0.846448,0.271719,0.479485,0.110280
46,73600,0.741001,0.263164,0.472414,0.092123
47,75200,0.905468,0.255247,0.462290,0.106843
48,76800,0.794462,0.247649,0.470402,0.092551
49,78400,0.620056,0.240222,0.491215,0.073167
50,80000,0.798015,0.233171,0.469843,0.087426
1,1600,0.687489,0.893063,0.101836,0.062525
2,3200,0.450900,0.899367,0.053030,0.021505
3,4800,0.507194,0.903840,0.047656,0.021847
4,6400,0.620455,0.907220,0.045853,0.025810
5,8000,0.901088,0.907515,0.452173,0.369765
6,9600,0.980471,0.887336,0.722038,0.628178
7,11200,0.997227,0.879341,0.811877,0.711937
8,12800,0.995086,0.881893,0.842483,0.739329
9,14400,0.972277,0.891352,0.835688,0.724241
10,16000,0.943680,0.909905,0.726048,0.623428
11,17600,0.974690,0.914335,0.726434,0.647393
12,19200,0.991879,0.908765,0.834478,0.752186
13,20800,0.992052,0.920208,0.836958,0.764054
14,22400,0.990618,0.922102,0.837462,0.764981
15,24000,0.986964,0.929903,0.805263,0.739055
16,25600,0.966927,0.920825,0.715829,0.637353
17,27200,0.870713,0.918347,0.586187,0.468725
18,28800,0.734670,0.888179,0.504665,0.329303
19,30400,0.884266,0.867423,0.657455,0.504290
20,32000,0.932136,0.865413,0.727060,0.586506
21,33600,0.875265,0.860381,0.590319,0.444546
22,35200,0.923834,0.841063,0.504868,0.392284
23,36800,0.949349,0.828147,0.659525,0.518519
24,38400,0.975778,0.819196,0.764192,0.610859
25,40000,0.988129,0.811793,0.817935,0.656111
26,41600,0.989544,0.805583,0.832597,0.663713
27,43200,0.989649,0.799677,0.834965,0.660791
28,44800,0.989357,0.793579,0.838320,0.658193
29,46400,0.990141,0.787231,0.838122,0.653291
30,48000,0.991671,0.780837,0.835722,0.647128
31,49600,0.970367,0.779985,0.845029,0.639579
32,51200,0.970913,0.779669,0.713095,0.539806
33,52800,0.989306,0.776911,0.836331,0.642807
34,54400,0.999472,0.775426,0.861574,0.667734
35,56000,0.999490,0.774306,0.862827,0.667751
36,57600,0.999205,0.772791,0.866017,0.668719
37,59200,0.998994,0.771490,0.864459,0.666250
38,60800,0.973351,0.769946,0.825500,0.618653
39,62400,0.993373,0.767178,0.729668,0.556075
40,64000,0.978734,0.764460,0.805360,0.602572
41,65600,0.988376,0.761788,0.847905,0.638416
42,67200,0.995426,0.760118,0.821459,0.621550
43,68800,0.961076,0.758775,0.764465,0.557479
44,70400,0.841899,0.753546,0.724180,0.459426
45,72000,0.910887,0.738930,0.678953,0.456991
46,73600,0.932853,0.724682,0.745771,0.504158
47,75200,0.935941,0.712039,0.716684,0.477617
48,76800,0.976527,0.702227,0.807994,0.554077
49,78400,0.993584,0.696143,0.812329,0.561869
50,80000,0.989070,0.692571,0.807129,0.552885
1,1600,0.695975,0.893227,0.105343,0.065488
2,3200,0.458679,0.899716,0.053473,0.022067
3,4800,0.490913,0.904078,0.041563,0.018447
4,6400,0.555908,0.906868,0.037267,0.018788
5,8000,0.811394,0.908646,0.279005,0.205702
6,9600,0.905398,0.870520,0.639332,0.503901
7,11200,0.892875,0.854620,0.703331,0.536690
8,12800,0.949840,0.855423,0.765748,0.622182
9,14400,0.727705,0.869347,0.739214,0.467648
10,16000,0.783967,0.902907,0.560826,0.396981
11,17600,0.888678,0.909904,0.708659,0.573030
12,19200,0.933759,0.919953,0.760791,0.653530
13,20800,0.941021,0.918486,0.750539,0.648702
14,22400,0.990583,0.917924,0.805363,0.732300
15,24000,0.966404,0.917791,0.702577,0.623156
16,25600,0.960260,0.924464,0.741806,0.658520
17,27200,0.996707,0.925082,0.682158,0.628973
18,28800,0.978891,0.918299,0.599708,0.539087
19,30400,0.988996,0.918007,0.676849,0.614515
20,32000,0.839430,0.917767,0.588934,0.453715
21,33600,0.956038,0.907334,0.584022,0.506608
22,35200,0.979337,0.910356,0.698144,0.622427
23,36800,0.948277,0.915069,0.816723,0.708702
24,38400,0.906321,0.921060,0.719645,0.600742
25,40000,0.904698,0.911391,0.761696,0.628044
26,41600,0.995609,0.899290,0.813160,0.728055
27,43200,0.972317,0.906487,0.879406,0.775102
28,44800,0.895417,0.922552,0.766800,0.633429
29,46400,0.989055,0.920207,0.755151,0.687289
30,48000,0.989578,0.924519,0.813125,0.743914
31,49600,0.995902,0.927385,0.799513,0.738419
32,51200,0.998051,0.923078,0.785139,0.723332
33,52800,0.998212,0.918627,0.819937,0.751870
34,54400,0.964389,0.915669,0.848805,0.749546
35,56000,0.999043,0.914148,0.861059,0.786382
36,57600,0.960412,0.912243,0.847575,0.742585
37,59200,0.990456,0.911251,0.840647,0.758729
38,60800,0.984008,0.911191,0.878815,0.787963
39,62400,0.933126,0.916506,0.821803,0.702818
40,64000,0.908826,0.916983,0.723071,0.602591
41,65600,0.945491,0.906476,0.769439,0.659460
42,67200,0.967609,0.913283,0.830161,0.733614
43,68800,0.995241,0.916460,0.842190,0.768160
44,70400,0.992246,0.916281,0.855367,0.777679
45,72000,0.887852,0.919769,0.767979,0.627146
46,73600,0.736807,0.913199,0.553533,0.372446
47,75200,0.665096,0.876852,0.599562,0.349659
48,76800,0.839570,0.838420,0.666235,0.468971
49,78400,0.848497,0.807559,0.716589,0.491015
50,80000,0.787614,0.774877,0.681152,0.415710
1,1600,0.695204,0.893273,0.107533,0.066779
2,3200,0.457527,0.899885,0.053899,0.022191
3,4800,0.478709,0.904251,0.043358,0.018769
4,6400,0.610186,0.906905,0.039529,0.021875
5,8000,0.812596,0.906009,0.405934,0.298857
6,9600,0.914902,0.878762,0.708627,0.569724
7,11200,0.957861,0.859108,0.764951,0.629483
8,12800,0.969578,0.863416,0.860565,0.720422
9,14400,0.858388,0.876975,0.789795,0.594546
10,16000,0.810491,0.877248,0.672881,0.478420
11,17600,0.868312,0.855299,0.687731,0.510755
12,19200,0.940609,0.834692,0.721288,0.566296
13,20800,0.963867,0.825618,0.778308,0.619366
14,22400,0.993122,0.824697,0.790861,0.647735
15,24000,0.978067,0.823929,0.813832,0.655832
16,25600,0.930001,0.815781,0.779805,0.591620
17,27200,0.697168,0.810971,0.483885,0.273580
18,28800,0.800883,0.798023,0.459173,0.293468
19,30400,0.881452,0.788205,0.650478,0.451930
20,32000,0.896421,0.777042,0.700662,0.488050
21,33600,0.748577,0.762777,0.687487,0.392553
22,35200,0.880909,0.742329,0.659062,0.430976
23,36800,0.940144,0.725264,0.738035,0.503231
24,38400,0.976108,0.714022,0.792329,0.552224
25,40000,0.989928,0.707536,0.814513,0.570492
26,41600,0.995351,0.704031,0.825283,0.578323
27,43200,0.997312,0.702478,0.830407,0.581775
28,44800,0.996377,0.702222,0.828236,0.579498
29,46400,0.997440,0.704471,0.823175,0.578418
30,48000,0.981841,0.707695,0.816490,0.567333
31,49600,0.949542,0.718800,0.751479,0.512907
32,51200,0.960787,0.724680,0.808202,0.562721
33,52800,0.941387,0.725878,0.817727,0.558779
34,54400,0.983394,0.726049,0.783681,0.559543
35,56000,0.993407,0.723035,0.821352,0.589950
36,57600,0.973919,0.720435,0.779903,0.547216
37,59200,0.985792,0.716931,0.843690,0.596273
38,60800,0.999861,0.716673,0.822007,0.589028
39,62400,0.997152,0.718654,0.804069,0.576202
40,64000,0.994508,0.722226,0.784006,0.563120
41,65600,0.998427,0.725766,0.762147,0.552270
42,67200,0.942502,0.726409,0.786014,0.538138
43,68800,0.982659,0.729113,0.753928,0.540166
44,70400,0.979817,0.733324,0.788158,0.566310
45,72000,0.996603,0.736961,0.807150,0.592817
46,73600,0.997034,0.740455,0.814150,0.601054
47,75200,0.997705,0.743689,0.817511,0.606579
48,76800,0.997853,0.746781,0.819407,0.610604
49,78400,0.997712,0.749834,0.821019,0.614219
50,80000,0.998063,0.752802,0.821477,0.617212
1,1600,0.694351,0.893308,0.109547,0.067948
2,3200,0.456582,0.900016,0.054325,0.022324
3,4800,0.483849,0.904271,0.042839,0.018744
4,6400,0.618182,0.907027,0.041500,0.023269
5,8000,0.873317,0.908430,0.436247,0.346095
6,9600,0.967666,0.883383,0.708131,0.605325
7,11200,0.993323,0.875814,0.822863,0.715862
8,12800,0.994599,0.881050,0.877036,0.768539
9,14400,0.983985,0.889053,0.851619,0.745010
10,16000,0.928846,0.902866,0.696227,0.583872
11,17600,0.969423,0.913732,0.661001,0.585510
12,19200,0.992729,0.910470,0.847729,0.766220
13,20800,0.991640,0.919634,0.826650,0.753860
14,22400,0.993858,0.923142,0.783842,0.719153
15,24000,0.995736,0.920747,0.806284,0.739217
16,25600,0.971974,0.925325,0.829379,0.745937
17,27200,0.993599,0.920677,0.716652,0.655581
18,28800,0.974924,0.924126,0.799014,0.719874
19,30400,0.988598,0.917497,0.758392,0.687888
20,32000,0.972361,0.919007,0.854076,0.763208
21,33600,0.954741,0.927143,0.764526,0.676745
22,35200,0.988808,0.919578,0.789531,0.717910
23,36800,0.979736,0.921623,0.863487,0.779682
24,38400,0.988631,0.924015,0.795595,0.726784
25,40000,0.993033,0.922793,0.834442,0.764653
26,41600,0.987954,0.926907,0.774876,0.709586
27,43200,0.949905,0.921455,0.671314,0.587597
28,44800,0.970288,0.911373,0.755917,0.668453
29,46400,0.972222,0.913185,0.882346,0.783363
30,48000,0.945399,0.923248,0.755959,0.659830
31,49600,0.827646,0.923830,0.625019,0.477892
32,51200,0.954798,0.913438,0.624795,0.544914
33,52800,0.992257,0.915543,0.676554,0.614618
34,54400,0.930053,0.916058,0.749075,0.638199
35,56000,0.996044,0.912881,0.827488,0.752410
36,57600,0.962623,0.919255,0.858394,0.759589
37,59200,0.890380,0.922690,0.682850,0.560992
38,60800,0.968681,0.920330,0.689181,0.614409
39,62400,0.962730,0.914623,0.666174,0.586589
40,64000,0.986354,0.911294,0.772446,0.694320
41,65600,0.962650,0.923982,0.782736,0.696221
42,67200,0.993768,0.919970,0.760504,0.695281
1,1600,0.694351,0.893308,0.109547,0.067948
2,3200,0.456582,0.900016,0.054325,0.022324
3,4800,0.483849,0.904271,0.042839,0.018744
4,6400,0.618182,0.907027,0.041500,0.023269
5,8000,0.873317,0.908430,0.436247,0.346095
6,9600,0.967666,0.883383,0.708131,0.605325
7,11200,0.993323,0.875814,0.822863,0.715862
8,12800,0.994599,0.881050,0.877036,0.768539
9,14400,0.983985,0.889053,0.851619,0.745010
10,16000,0.928846,0.902866,0.696227,0.583872
11,17600,0.969423,0.913732,0.661001,0.585510
12,19200,0.992729,0.910470,0.847729,0.766220
13,20800,0.991640,0.919634,0.826650,0.753860
14,22400,0.993858,0.923142,0.783842,0.719153
15,24000,0.995736,0.920747,0.806284,0.739217
16,25600,0.971974,0.925325,0.829379,0.745937
17,27200,0.986850,0.921151,0.712261,0.647473
18,28800,0.817415,0.924013,0.541855,0.409264
19,30400,0.917735,0.906525,0.652780,0.543080
20,32000,0.859156,0.885972,0.699340,0.532330
21,33600,0.748184,0.890283,0.762287,0.507757
22,35200,0.936887,0.881102,0.724755,0.598281
23,36800,0.944777,0.880267,0.865346,0.719671
24,38400,0.896944,0.900781,0.818498,0.661305
25,40000,0.945178,0.902652,0.737828,0.629490
26,41600,0.988804,0.900846,0.858703,0.764898
27,43200,0.960388,0.913644,0.845434,0.741828
28,44800,0.991862,0.927275,0.747654,0.687639
29,46400,0.976160,0.920294,0.757381,0.680396
30,48000,0.978689,0.921426,0.798326,0.719923
31,49600,0.972010,0.917136,0.706964,0.630234
32,51200,0.919105,0.917009,0.622712,0.524839
33,52800,0.827342,0.906933,0.561740,0.421498
34,54400,0.937359,0.898198,0.726698,0.611832
35,56000,0.978550,0.896130,0.830614,0.728372
36,57600,0.997137,0.895150,0.898450,0.801945
37,59200,0.878536,0.871874,0.745107,0.570731
38,60800,0.834198,0.871590,0.716807,0.521175
39,62400,0.959805,0.866004,0.681763,0.566677
40,64000,0.955057,0.868907,0.702427,0.582913
41,65600,0.842061,0.859284,0.667296,0.482835
42,67200,0.772760,0.849765,0.628405,0.412651
43,68800,0.822576,0.828238,0.620332,0.422626
44,70400,0.876163,0.806916,0.698514,0.493842
45,72000,0.918955,0.787717,0.734867,0.531953
46,73600,0.944639,0.772690,0.793838,0.579432
47,75200,0.859865,0.757727,0.728795,0.474841
48,76800,0.742373,0.733408,0.553113,0.301149
49,78400,0.891540,0.713346,0.727464,0.462650
50,80000,0.834925,0.697430,0.729490,0.424783
1,1600,0.692505,0.893344,0.113307,0.070097
2,3200,0.440094,0.900217,0.055173,0.021859
3,4800,0.479561,0.904680,0.042061,0.018248
4,6400,0.594020,0.907227,0.036854,0.019861
5,8000,0.777270,0.911222,0.296211,0.209796
6,9600,0.886764,0.871972,0.622319,0.481198
7,11200,0.974615,0.852149,0.804421,0.668085
8,12800,0.986111,0.857621,0.907310,0.767320
9,14400,0.941345,0.873888,0.857205,0.705162
10,16000,0.860240,0.883702,0.642220,0.488213
11,17600,0.947443,0.869076,0.720891,0.593581
12,19200,0.967647,0.855350,0.731236,0.605227
13,20800,0.962697,0.846790,0.863494,0.703922
14,22400,0.979522,0.841490,0.772142,0.636444
15,24000,0.983710,0.835495,0.838275,0.688966
16,25600,0.992440,0.831533,0.783634,0.646691
17,27200,0.905386,0.829131,0.706988,0.530724
18,28800,0.774585,0.812735,0.584396,0.367896
19,30400,0.865023,0.782899,0.683357,0.462787
20,32000,0.907068,0.760617,0.709883,0.489771
21,33600,0.890671,0.753296,0.656048,0.440168
22,35200,0.908667,0.748116,0.727076,0.494258
23,36800,0.992959,0.746583,0.692185,0.513135
24,38400,0.989573,0.749229,0.781504,0.579421
25,40000,0.984860,0.752104,0.725216,0.537179
26,41600,0.971675,0.757411,0.701574,0.516328
27,43200,0.969500,0.763328,0.685553,0.507341
28,44800,0.966877,0.768312,0.668427,0.496549
29,46400,0.965588,0.771109,0.648016,0.482496
30,48000,0.945411,0.772788,0.639345,0.467107
31,49600,0.939473,0.773216,0.619550,0.450051
32,51200,0.694951,0.784272,0.237406,0.129394
33,52800,0.830598,0.783256,0.339592,0.220929
34,54400,0.756729,0.778800,0.443878,0.261595
35,56000,0.931376,0.769313,0.610358,0.437334
36,57600,0.960601,0.760176,0.794802,0.580384
37,59200,0.928209,0.749663,0.763157,0.531039
38,60800,0.547694,0.737359,0.638022,0.257663
39,62400,0.769556,0.712596,0.535521,0.293670
40,64000,0.891245,0.689574,0.793493,0.487665
41,65600,0.892669,0.673292,0.815255,0.489990
42,67200,0.898108,0.661297,0.722277,0.428972
43,68800,0.874155,0.649625,0.749422,0.425576
44,70400,0.965240,0.638670,0.746884,0.460432
45,72000,0.805716,0.637381,0.677475,0.347916
46,73600,0.831709,0.640822,0.608790,0.324472
47,75200,0.905350,0.647402,0.664308,0.389368
48,76800,0.946709,0.653875,0.743747,0.460402
49,78400,0.973372,0.656863,0.742082,0.474466
50,80000,0.962550,0.658825,0.751885,0.476810
1,1600,0.693358,0.893372,0.115326,0.071436
2,3200,0.454766,0.900322,0.055123,0.022570
3,4800,0.489283,0.904707,0.045653,0.020209
4,6400,0.625193,0.907378,0.038982,0.022114
5,8000,0.818757,0.909933,0.381961,0.284566
6,9600,0.904979,0.878884,0.577390,0.459239
7,11200,0.965098,0.859513,0.769983,0.638712
8,12800,0.973728,0.860306,0.832953,0.697769
9,14400,0.906538,0.874147,0.783304,0.620727
10,16000,0.819097,0.898677,0.647665,0.476748
11,17600,0.889471,0.911885,0.604635,0.490416
12,19200,0.978503,0.915274,0.740037,0.662776
13,20800,0.965017,0.915163,0.758829,0.670157
14,22400,0.967308,0.913414,0.809297,0.715056
15,24000,0.987862,0.920271,0.775941,0.705409
16,25600,0.900521,0.924271,0.722131,0.601048
17,27200,0.951989,0.919139,0.751082,0.657204
18,28800,0.985913,0.914431,0.844521,0.761378
19,30400,0.960183,0.922196,0.821432,0.727359
20,32000,0.941329,0.921602,0.826535,0.717045
21,33600,0.972438,0.915995,0.810538,0.721985
22,35200,0.977459,0.919375,0.845948,0.760213
23,36800,0.896570,0.923034,0.734786,0.608083
24,38400,0.979084,0.916194,0.780417,0.700058
25,40000,0.993440,0.917531,0.865657,0.789057
26,41600,0.962444,0.918293,0.804636,0.711142
27,43200,0.944971,0.914671,0.758094,0.655249
28,44800,0.996272,0.910347,0.851147,0.771950
29,46400,0.974534,0.920186,0.835623,0.749347
30,48000,0.981368,0.923116,0.767690,0.695463
31,49600,0.996282,0.916524,0.847400,0.773774
32,51200,0.991882,0.926337,0.796504,0.731842
33,52800,0.997412,0.928318,0.766357,0.709581
34,54400,0.971860,0.917778,0.727370,0.648779
35,56000,0.990154,0.915185,0.801688,0.726470
36,57600,0.982540,0.917711,0.773162,0.697150
37,59200,0.985253,0.920632,0.761394,0.690627
38,60800,0.990618,0.928116,0.746776,0.686592
39,62400,0.999017,0.928787,0.822077,0.762784
40,64000,0.999142,0.925313,0.799950,0.739569
41,65600,0.992236,0.922099,0.752271,0.688283
42,67200,0.992670,0.918504,0.770954,0.702934
43,68800,0.961028,0.920891,0.762985,0.675244
44,70400,0.988560,0.919577,0.724880,0.658957
45,72000,0.818290,0.928885,0.709075,0.538966
46,73600,0.886869,0.914469,0.536810,0.435360
47,75200,0.781291,0.890652,0.616432,0.428950
48,76800,0.760372,0.868338,0.543795,0.359046
49,78400,0.891937,0.841832,0.545550,0.409632
50,80000,0.920645,0.816879,0.630903,0.474474
1,1600,0.691993,0.893415,0.118776,0.073432
2,3200,0.453025,0.900435,0.054962,0.022420
3,4800,0.469429,0.904605,0.040916,0.017375
4,6400,0.577671,0.907012,0.037365,0.019578
5,8000,0.818724,0.909823,0.335900,0.250210
6,9600,0.884447,0.875395,0.583103,0.451462
7,11200,0.971591,0.858263,0.775490,0.646666
8,12800,0.920656,0.855100,0.840827,0.661943
9,14400,0.797771,0.850539,0.715052,0.485188
10,16000,0.914848,0.864249,0.588023,0.464924
11,17600,0.873356,0.867735,0.626094,0.474480
12,19200,0.966521,0.866657,0.717532,0.601035
13,20800,0.986014,0.868041,0.831597,0.711764
14,22400,0.955722,0.876267,0.793609,0.664622
15,24000,0.976878,0.885012,0.780993,0.675206
16,25600,0.977859,0.889371,0.822604,0.715402
17,27200,0.957034,0.898971,0.816058,0.702092
18,28800,0.937249,0.917096,0.810053,0.696278
19,30400,0.969963,0.925391,0.753386,0.676236
20,32000,0.961604,0.924999,0.800484,0.712017
21,33600,0.995818,0.921711,0.823258,0.755633
22,35200,0.985425,0.928703,0.796531,0.728959
23,36800,0.988540,0.921879,0.680353,0.620016
24,38400,0.993540,0.920067,0.821051,0.750542
25,40000,0.930521,0.918785,0.771560,0.659645
26,41600,0.977987,0.906380,0.745948,0.661228
27,43200,0.994340,0.905865,0.854756,0.769911
28,44800,0.960442,0.916184,0.842966,0.741761
29,46400,0.982401,0.922598,0.731866,0.663336
30,48000,0.993115,0.918619,0.844863,0.770764
31,49600,0.992952,0.913977,0.862358,0.782620
32,51200,0.995863,0.913511,0.864737,0.786679
33,52800,0.995171,0.922292,0.821217,0.753745
34,54400,0.953656,0.923216,0.754084,0.663919
35,56000,0.982537,0.918262,0.768669,0.693513
36,57600,0.971658,0.917764,0.751450,0.670108
37,59200,0.967021,0.921160,0.779526,0.694387
38,60800,0.995632,0.925192,0.774999,0.713890
39,62400,0.994925,0.923876,0.831722,0.764508
40,64000,0.994739,0.928480,0.794494,0.733791
41,65600,0.982181,0.925466,0.707737,0.643316
42,67200,0.995247,0.921477,0.691927,0.634565
43,68800,0.980338,0.921495,0.708731,0.640251
44,70400,0.984225,0.919646,0.728209,0.659131
45,72000,0.990140,0.916573,0.811240,0.736230
46,73600,0.993991,0.921138,0.837253,0.766591
47,75200,0.992426,0.922992,0.847982,0.776753
48,76800,0.993434,0.918690,0.819135,0.747590
49,78400,0.998626,0.919404,0.847628,0.778242
50,80000,0.993501,0.921408,0.856397,0.783962
1,1600,0.690014,0.893532,0.124033,0.076473
2,3200,0.449856,0.900641,0.054673,0.022151
3,4800,0.475454,0.904680,0.039344,0.016923
4,6400,0.590254,0.907324,0.043960,0.023543
5,8000,0.766313,0.908526,0.343408,0.239086
6,9600,0.925454,0.875116,0.615666,0.498616
7,11200,0.979530,0.867250,0.810010,0.688102
8,12800,0.981469,0.875251,0.817963,0.702656
9,14400,0.938767,0.890160,0.689748,0.576391
10,16000,0.737808,0.885879,0.593084,0.387645
11,17600,0.892315,0.866328,0.739631,0.571762
12,19200,0.887421,0.849111,0.762704,0.574712
13,20800,0.970135,0.835865,0.757171,0.613991
14,22400,0.984894,0.829041,0.882018,0.720183
15,24000,0.970630,0.830994,0.787171,0.634923
16,25600,0.991765,0.838673,0.845427,0.703199
17,27200,0.976703,0.844032,0.785667,0.647680
18,28800,0.686546,0.834142,0.593208,0.339717
19,30400,0.811606,0.811930,0.571681,0.376719
20,32000,0.823169,0.784364,0.625827,0.404074
21,33600,0.827675,0.756515,0.604395,0.378441
22,35200,0.845669,0.732181,0.579271,0.358675
23,36800,0.790156,0.704349,0.648447,0.360890
24,38400,0.787377,0.681906,0.586321,0.314805
25,40000,0.778874,0.666360,0.671145,0.348331
26,41600,0.860012,0.650240,0.682865,0.381868
27,43200,0.905649,0.636779,0.728209,0.419957
28,44800,0.933084,0.625490,0.757399,0.442045
29,46400,0.861558,0.616438,0.747976,0.397248
30,48000,0.748648,0.609394,0.542883,0.247675
31,49600,0.845829,0.595764,0.577599,0.291061
32,51200,0.864997,0.582644,0.609475,0.307166
33,52800,0.861086,0.571641,0.629908,0.310061
34,54400,0.801250,0.560579,0.602341,0.270550
35,56000,0.879868,0.548561,0.599440,0.289326
36,57600,0.959041,0.538464,0.777625,0.401573
37,59200,0.955885,0.532873,0.823759,0.419594
38,60800,0.987272,0.528683,0.804084,0.419695
39,62400,0.985281,0.525524,0.831947,0.430773
40,64000,0.978307,0.520869,0.816274,0.415948
41,65600,0.977006,0.515817,0.812418,0.409423
42,67200,0.975913,0.510772,0.809777,0.403648
43,68800,0.975405,0.505664,0.807755,0.398407
44,70400,0.974613,0.500516,0.804450,0.392418
45,72000,0.974588,0.495472,0.805243,0.388836
46,73600,0.974842,0.490468,0.803350,0.384105
47,75200,0.973871,0.485560,0.803140,0.379783
48,76800,0.834525,0.481094,0.741815,0.297827
49,78400,0.890715,0.480491,0.650099,0.278230
50,80000,0.938981,0.479243,0.706217,0.317798
1,1600,0.720943,0.894142,0.137414,0.088580
2,3200,0.306137,0.898437,0.026672,0.007336
3,4800,0.157349,0.902193,0.003837,0.000545
4,6400,0.325212,0.905494,0.000000,0.000000
5,8000,0.492368,0.887576,0.000000,0.000000
6,9600,0.979389,0.868108,0.472180,0.401455
7,11200,0.916868,0.879445,0.702655,0.566575
8,12800,0.992194,0.890248,0.751671,0.663950
9,14400,0.978062,0.894110,0.784369,0.685927
10,16000,0.985424,0.897613,0.761128,0.673240
11,17600,0.983578,0.907258,0.733536,0.654578
12,19200,0.985009,0.915958,0.705519,0.636539
13,20800,0.993162,0.926468,0.637726,0.586793
14,22400,0.990847,0.928068,0.559767,0.514747
15,24000,0.976394,0.923942,0.567153,0.511646
16,25600,0.979801,0.916989,0.578289,0.519574
17,27200,0.998699,0.911321,0.657003,0.597961
18,28800,0.966325,0.921515,0.670411,0.596989
19,30400,0.951145,0.925104,0.550757,0.484616
20,32000,0.974709,0.918654,0.565715,0.506553
21,33600,0.964218,0.909352,0.622398,0.545726
22,35200,0.990905,0.908620,0.691154,0.622285
23,36800,0.967472,0.917338,0.653794,0.580241
24,38400,0.969384,0.920734,0.669450,0.597514
25,40000,0.970661,0.918051,0.717834,0.639673
26,41600,0.981832,0.920949,0.792413,0.716513
27,43200,0.986645,0.927184,0.762041,0.697116
28,44800,0.984832,0.924011,0.785715,0.714997
29,46400,0.994933,0.920253,0.794929,0.727829
30,48000,0.989606,0.920249,0.799748,0.728318
31,49600,0.992705,0.924253,0.777609,0.713464
32,51200,0.998215,0.919867,0.668171,0.613531
33,52800,0.967816,0.922964,0.716183,0.639737
34,54400,0.991217,0.920009,0.738392,0.673361
35,56000,0.997075,0.918711,0.803659,0.736171
36,57600,0.987837,0.922342,0.788232,0.718177
37,59200,0.981512,0.925814,0.720601,0.654808
38,60800,0.962888,0.925463,0.710455,0.633098
39,62400,0.973178,0.921341,0.708981,0.635694
40,64000,0.994762,0.910081,0.781881,0.707847
41,65600,0.998902,0.909408,0.802952,0.729409
42,67200,0.986813,0.915306,0.807383,0.729257
43,68800,0.986511,0.920457,0.790791,0.718070
44,70400,0.997962,0.919345,0.797054,0.731275
45,72000,0.979094,0.922430,0.781606,0.705904
46,73600,0.994807,0.912871,0.764386,0.694162
47,75200,0.970249,0.909186,0.799348,0.705134
48,76800,0.976083,0.910917,0.846901,0.753006
49,78400,0.983645,0.916340,0.834180,0.751891
50,80000,0.985416,0.923036,0.784956,0.713975
1,1600,0.731471,0.895584,0.160355,0.105048
2,3200,0.325745,0.906017,0.073269,0.021624
3,4800,0.194640,0.912857,0.023299,0.004140
4,6400,0.247892,0.915262,0.004083,0.000926
5,8000,0.304638,0.896117,0.175993,0.048044
6,9600,0.818297,0.871883,0.470581,0.335740
7,11200,0.954650,0.848684,0.651509,0.527850
8,12800,0.973396,0.836121,0.756911,0.616033
9,14400,0.875650,0.826652,0.675601,0.489039
10,16000,0.717469,0.805287,0.576725,0.333213
11,17600,0.787481,0.775901,0.588937,0.359845
12,19200,0.849189,0.750827,0.626450,0.399421
13,20800,0.828333,0.727415,0.627517,0.378105
14,22400,0.818994,0.705604,0.608632,0.351720
15,24000,0.846302,0.687998,0.624746,0.363760
16,25600,0.645884,0.671705,0.565066,0.245150
17,27200,0.597046,0.644352,0.252530,0.097150
18,28800,0.623456,0.620372,0.309783,0.119816
19,30400,0.736581,0.600067,0.375134,0.165809
20,32000,0.690570,0.583685,0.416324,0.167810
21,33600,0.742722,0.567728,0.451131,0.190225
22,35200,0.692593,0.552782,0.411701,0.157621
23,36800,0.639934,0.538187,0.351898,0.121195
24,38400,0.750730,0.522345,0.437589,0.171596
25,40000,0.796753,0.508699,0.584136,0.236755
26,41600,0.820837,0.496329,0.690551,0.281334
27,43200,0.788273,0.485668,0.694356,0.265826
28,44800,0.780054,0.476577,0.643252,0.239133
29,46400,0.742643,0.469156,0.571313,0.199054
30,48000,0.780673,0.454420,0.515446,0.182857
31,49600,0.682141,0.439594,0.452322,0.135636
32,51200,0.665757,0.425491,0.488395,0.138349
33,52800,0.705042,0.412465,0.471502,0.137115
34,54400,0.821549,0.397404,0.309380,0.101008
35,56000,0.876391,0.380146,0.222475,0.074119
36,57600,0.908943,0.358697,0.155330,0.050643
37,59200,0.974909,0.338789,0.155373,0.051318
38,60800,0.974062,0.320328,0.145143,0.045287
39,62400,0.952839,0.303544,0.109389,0.031638
40,64000,0.820024,0.288525,0.104383,0.024697
41,65600,0.741043,0.274812,0.094647,0.019275
42,67200,0.862544,0.262116,0.091542,0.020697
43,68800,0.946776,0.250422,0.166502,0.039477
44,70400,0.781711,0.239813,0.286723,0.053750
45,72000,0.651780,0.230538,0.291255,0.043764
46,73600,0.773614,0.222100,0.336681,0.057848
47,75200,0.906811,0.214267,0.360162,0.069979
48,76800,0.764463,0.207014,0.321366,0.050858
49,78400,0.699016,0.200171,0.354387,0.049587
50,80000,0.529254,0.193683,0.349437,0.035820
1,1600,0.722574,0.895922,0.167966,0.108736
2,3200,0.294731,0.903447,0.061031,0.016251
3,4800,0.041923,0.908757,0.016228,0.000618
4,6400,0.149606,0.913631,0.005917,0.000809
5,8000,0.817540,0.915891,0.171000,0.128041
6,9600,0.896770,0.906650,0.588759,0.478694
7,11200,0.998211,0.900669,0.781302,0.702435
8,12800,0.967685,0.901938,0.800279,0.698477
9,14400,0.936554,0.909207,0.732829,0.624019
10,16000,0.951111,0.915150,0.662835,0.576938
11,17600,0.993335,0.914289,0.736024,0.668454
12,19200,0.960730,0.924512,0.761248,0.676145
13,20800,0.936623,0.916772,0.726082,0.623464
14,22400,0.973045,0.916491,0.818125,0.729593
15,24000,0.976305,0.911318,0.791594,0.704301
16,25600,0.988152,0.917291,0.805467,0.730093
17,27200,0.981511,0.915041,0.733770,0.659015
18,28800,0.996805,0.915007,0.812015,0.740626
19,30400,0.979725,0.916129,0.775456,0.696014
20,32000,0.997810,0.914337,0.841991,0.768177
21,33600,0.994501,0.916953,0.844785,0.770369
22,35200,0.990658,0.918935,0.847076,0.771136
23,36800,0.963645,0.919457,0.767625,0.680139
24,38400,0.981926,0.924306,0.766332,0.695523
25,40000,0.999504,0.923089,0.785619,0.724836
26,41600,0.992788,0.925275,0.791057,0.726667
27,43200,0.997333,0.924022,0.710176,0.654468
28,44800,0.974835,0.926799,0.698808,0.631356
29,46400,0.995722,0.922700,0.579414,0.532338
30,48000,0.985014,0.917885,0.571459,0.516673
31,49600,0.921792,0.917786,0.513037,0.434033
32,51200,0.985460,0.904811,0.596693,0.532044
33,52800,0.861319,0.908086,0.577291,0.451529
34,54400,0.800950,0.906217,0.617721,0.448363
35,56000,0.947663,0.901560,0.733803,0.626943
36,57600,0.966554,0.901372,0.783152,0.682301
37,59200,0.964923,0.900766,0.790790,0.687331
38,60800,0.984387,0.903272,0.804311,0.715169
39,62400,0.981741,0.917392,0.775166,0.698147
40,64000,0.989911,0.924215,0.745491,0.682043
41,65600,0.994921,0.921927,0.761134,0.698145
42,67200,0.995994,0.922095,0.764045,0.701700
43,68800,0.898232,0.926031,0.626132,0.520811
44,70400,0.893320,0.913150,0.444219,0.362365
45,72000,0.918789,0.909112,0.685303,0.572422
46,73600,0.991298,0.899264,0.824065,0.734603
47,75200,0.989891,0.897818,0.878927,0.781140
48,76800,0.970343,0.904660,0.857786,0.752991
1,1600,0.722574,0.895922,0.167966,0.108736
2,3200,0.294731,0.903447,0.061031,0.016251
3,4800,0.041923,0.908757,0.016228,0.000618
4,6400,0.149606,0.913631,0.005917,0.000809
5,8000,0.817540,0.915891,0.171000,0.128041
6,9600,0.896770,0.906650,0.588759,0.478694
7,11200,0.998211,0.900669,0.781302,0.702435
8,12800,0.967685,0.901938,0.800279,0.698477
9,14400,0.936554,0.909207,0.732829,0.624019
10,16000,0.951111,0.915150,0.662835,0.576938
11,17600,0.993335,0.914289,0.736024,0.668454
12,19200,0.960730,0.924512,0.761248,0.676145
13,20800,0.936623,0.916772,0.726082,0.623464
14,22400,0.973045,0.916491,0.818125,0.729593
15,24000,0.976305,0.911318,0.791594,0.704301
16,25600,0.988152,0.917291,0.805467,0.730093
17,27200,0.981511,0.915041,0.733770,0.659015
18,28800,0.996805,0.915007,0.812015,0.740626
19,30400,0.979725,0.916129,0.775456,0.696014
20,32000,0.997810,0.914337,0.841991,0.768177
21,33600,0.547157,0.909709,0.545837,0.271692
22,35200,0.335374,0.867828,0.384290,0.111847
23,36800,0.520887,0.819504,0.452130,0.193000
24,38400,0.609095,0.784118,0.525313,0.250891
25,40000,0.739828,0.750177,0.651832,0.361768
26,41600,0.723247,0.726071,0.629225,0.330424
1,1600,0.722574,0.895922,0.167966,0.108736
2,3200,0.294731,0.903447,0.061031,0.016251
3,4800,0.041923,0.908757,0.016228,0.000618
4,6400,0.149606,0.913631,0.005917,0.000809
5,8000,0.817540,0.915891,0.171000,0.128041
6,9600,0.896770,0.906650,0.588759,0.478694
7,11200,0.998211,0.900669,0.781302,0.702435
8,12800,0.967685,0.901938,0.800279,0.698477
9,14400,0.936554,0.909207,0.732829,0.624019
10,16000,0.951111,0.915150,0.662835,0.576938
11,17600,0.993335,0.914289,0.736024,0.668454
12,19200,0.960730,0.924512,0.761248,0.676145
13,20800,0.936623,0.916772,0.726082,0.623464
14,22400,0.973045,0.916491,0.818125,0.729593
15,24000,0.976305,0.911318,0.791594,0.704301
16,25600,0.988152,0.917291,0.805467,0.730093
17,27200,0.981511,0.915041,0.733770,0.659015
18,28800,0.996805,0.915007,0.812015,0.740626
19,30400,0.979725,0.916129,0.775456,0.696014
20,32000,0.997810,0.914337,0.841991,0.768177
21,33600,0.994501,0.916953,0.844785,0.770369
22,35200,0.990658,0.918935,0.847076,0.771136
23,36800,0.963645,0.919457,0.767625,0.680139
24,38400,0.981926,0.924306,0.766332,0.695523
25,40000,0.999504,0.923089,0.785619,0.724836
26,41600,0.992788,0.925275,0.791057,0.726667
27,43200,0.997333,0.924022,0.710176,0.654468
28,44800,0.974835,0.926799,0.698808,0.631356
29,46400,0.995722,0.922700,0.579414,0.532338
30,48000,0.985014,0.917885,0.571459,0.516673
31,49600,0.921792,0.917786,0.513037,0.434033
32,51200,0.985460,0.904811,0.596693,0.532044
33,52800,0.861319,0.908086,0.577291,0.451529
34,54400,0.800950,0.906217,0.617721,0.448363
35,56000,0.947663,0.901560,0.733803,0.626943
36,57600,0.966554,0.901372,0.783152,0.682301
37,59200,0.964923,0.900766,0.790790,0.687331
38,60800,0.984387,0.903272,0.804311,0.715169
39,62400,0.981741,0.917392,0.775166,0.698147
40,64000,0.989911,0.924215,0.745491,0.682043
41,65600,0.994921,0.921927,0.761134,0.698145
42,67200,0.995994,0.922095,0.764045,0.701700
43,68800,0.898232,0.926031,0.626132,0.520811
44,70400,0.893320,0.913150,0.444219,0.362365
45,72000,0.918789,0.909112,0.685303,0.572422
46,73600,0.991298,0.899264,0.824065,0.734603
47,75200,0.989891,0.897818,0.878927,0.781140
48,76800,0.970343,0.904660,0.857786,0.752991
49,78400,0.926982,0.913088,0.813426,0.688497
50,80000,0.905220,0.917227,0.678159,0.563070
1,1600,0.723781,0.896196,0.174870,0.113429
2,3200,0.319427,0.904686,0.068371,0.019758
3,4800,0.066978,0.910034,0.020374,0.001242
4,6400,0.131537,0.914411,0.000656,0.000079
5,8000,0.775938,0.913678,0.175337,0.124306
6,9600,0.980123,0.899440,0.761100,0.670956
7,11200,0.991012,0.894818,0.853905,0.757222
8,12800,0.969723,0.899440,0.776050,0.676876
9,14400,0.993634,0.906313,0.774777,0.697720
10,16000,0.976016,0.919414,0.801824,0.719527
11,17600,0.945684,0.926525,0.675201,0.591611
12,19200,0.910856,0.917798,0.762297,0.637267
13,20800,0.976810,0.918604,0.790809,0.709594
14,22400,0.989294,0.916662,0.835623,0.757783
15,24000,0.991232,0.916945,0.793691,0.721390
16,25600,0.996810,0.919904,0.799921,0.733504
17,27200,0.997684,0.921926,0.812867,0.747668
18,28800,0.991181,0.922793,0.816958,0.747235
19,30400,0.999390,0.921302,0.780800,0.718914
20,32000,0.996195,0.923684,0.806933,0.742515
21,33600,0.997609,0.923732,0.818538,0.754302
22,35200,0.999762,0.922861,0.818922,0.755572
23,36800,0.998396,0.923231,0.825675,0.761066
24,38400,0.999228,0.922982,0.833561,0.768768
25,40000,0.998756,0.923250,0.845552,0.779685
26,41600,0.998687,0.922534,0.827733,0.762610
27,43200,0.999304,0.921921,0.826899,0.761804
28,44800,0.994839,0.921803,0.815841,0.748163
29,46400,0.995971,0.922391,0.813262,0.747124
30,48000,0.871465,0.925052,0.736629,0.593834
31,49600,0.424359,0.914054,0.464238,0.180072
32,51200,0.267247,0.858290,0.228529,0.052419
33,52800,0.377372,0.799357,0.273960,0.082641
34,54400,0.508202,0.747967,0.357969,0.136071
35,56000,0.644908,0.706536,0.511830,0.233216
36,57600,0.752984,0.675043,0.537813,0.273368
37,59200,0.905012,0.650734,0.687286,0.404758
38,60800,0.943627,0.636941,0.803794,0.483108
39,62400,0.957508,0.625846,0.768165,0.460325
40,64000,0.977809,0.618192,0.856130,0.517508
1,1600,0.723781,0.896196,0.174870,0.113429
2,3200,0.319427,0.904686,0.068371,0.019758
3,4800,0.066978,0.910034,0.020374,0.001242
4,6400,0.131537,0.914411,0.000656,0.000079
5,8000,0.775938,0.913678,0.175337,0.124306
6,9600,0.980123,0.899440,0.761100,0.670956
7,11200,0.991012,0.894818,0.853905,0.757222
8,12800,0.969723,0.899440,0.776050,0.676876
9,14400,0.993634,0.906313,0.774777,0.697720
10,16000,0.976016,0.919414,0.801824,0.719527
11,17600,0.945684,0.926525,0.675201,0.591611
12,19200,0.910856,0.917798,0.762297,0.637267
13,20800,0.976810,0.918604,0.790809,0.709594
14,22400,0.989294,0.916662,0.835623,0.757783
15,24000,0.991232,0.916945,0.793691,0.721390
16,25600,0.914188,0.919324,0.764960,0.642899
17,27200,0.751622,0.911907,0.551476,0.377987
18,28800,0.852802,0.889233,0.640457,0.485683
19,30400,0.981392,0.880655,0.771844,0.667079
20,32000,0.863050,0.884827,0.733369,0.560037
21,33600,0.873303,0.889724,0.751163,0.583653
22,35200,0.978500,0.893495,0.760565,0.664951
23,36800,0.989402,0.892501,0.880406,0.777437
24,38400,0.958829,0.898562,0.828845,0.714106
25,40000,0.953895,0.903468,0.751776,0.647891
26,41600,0.947295,0.917586,0.714893,0.621403
27,43200,0.968947,0.919152,0.617426,0.549886
28,44800,0.970864,0.926298,0.767912,0.690590
29,46400,0.926942,0.924564,0.741219,0.635238
30,48000,0.958982,0.921434,0.754789,0.666961
31,49600,0.951351,0.918928,0.806940,0.705445
32,51200,0.994099,0.918692,0.846609,0.773183
33,52800,0.973020,0.924424,0.826032,0.743002
34,54400,0.982197,0.919632,0.730694,0.660006
35,56000,0.992212,0.923039,0.814494,0.745954
36,57600,0.982410,0.923248,0.726397,0.658848
37,59200,0.987835,0.917774,0.854517,0.774713
38,60800,0.913250,0.922093,0.716074,0.603007
39,62400,0.957558,0.926361,0.758035,0.672411
40,64000,0.985177,0.913252,0.781232,0.702886
41,65600,0.980130,0.916644,0.842979,0.757357
42,67200,0.943771,0.920534,0.773803,0.672259
43,68800,0.958753,0.915713,0.852972,0.748860
44,70400,0.996150,0.907438,0.813399,0.735267
45,72000,0.925851,0.918613,0.815889,0.693913
46,73600,0.986658,0.922379,0.700424,0.637437
47,75200,0.989077,0.921187,0.725652,0.661159
48,76800,0.992347,0.922712,0.786942,0.720563
49,78400,0.995058,0.922831,0.775999,0.712577
50,80000,0.979327,0.925223,0.743662,0.673829
1,1600,0.727736,0.896309,0.178410,0.116373
2,3200,0.358492,0.906052,0.075179,0.024419
3,4800,0.084126,0.911405,0.027575,0.002114
4,6400,0.112085,0.915913,0.000000,0.000000
5,8000,0.700787,0.908306,0.231894,0.147607
6,9600,0.950659,0.901800,0.648487,0.555951
7,11200,0.987368,0.899526,0.724081,0.643102
8,12800,0.939003,0.914940,0.731639,0.628575
9,14400,0.894455,0.919632,0.661796,0.544373
10,16000,0.985681,0.913081,0.758243,0.682424
11,17600,0.970251,0.917137,0.823520,0.732812
12,19200,0.997256,0.918285,0.828843,0.759025
13,20800,0.980266,0.924335,0.752297,0.681651
14,22400,0.975204,0.926952,0.685157,0.619359
15,24000,0.995070,0.924685,0.644544,0.593062
16,25600,0.990468,0.923801,0.603242,0.551963
17,27200,0.976322,0.920021,0.573453,0.515096
18,28800,0.988249,0.923501,0.686723,0.626738
19,30400,0.919041,0.924699,0.720171,0.612027
20,32000,0.897831,0.917950,0.788182,0.649591
21,33600,0.761170,0.908979,0.623026,0.431064
22,35200,0.890738,0.870903,0.568940,0.441353
23,36800,0.943502,0.843030,0.699781,0.556606
24,38400,0.929934,0.821242,0.786929,0.600979
25,40000,0.935908,0.798851,0.754324,0.563971
26,41600,0.945580,0.779406,0.767997,0.566007
27,43200,0.948011,0.761956,0.797917,0.576369
28,44800,0.947891,0.745447,0.771337,0.545029
29,46400,0.946033,0.729228,0.799192,0.551342
30,48000,0.938492,0.712883,0.756479,0.506111
31,49600,0.944776,0.696540,0.813272,0.535193
32,51200,0.920035,0.682383,0.749815,0.470746
33,52800,0.949295,0.667308,0.822537,0.521054
34,54400,0.943345,0.653622,0.809123,0.498897
1,1600,0.727736,0.896309,0.178410,0.116373
2,3200,0.358492,0.906052,0.075179,0.024419
3,4800,0.084126,0.911405,0.027575,0.002114
4,6400,0.112085,0.915913,0.000000,0.000000
5,8000,0.700787,0.908306,0.231894,0.147607
1,1600,0.727736,0.896309,0.178410,0.116373
1,1600,0.727736,0.896309,0.178410,0.116373
2,3200,0.358492,0.906052,0.075179,0.024419
3,4800,0.084126,0.911405,0.027575,0.002114
4,6400,0.112085,0.915913,0.000000,0.000000
5,8000,0.700787,0.908306,0.231894,0.147607
6,9600,0.950659,0.901800,0.648487,0.555951
7,11200,0.987368,0.899526,0.724081,0.643102
8,12800,0.939003,0.914940,0.731639,0.628575
9,14400,0.894455,0.919632,0.661796,0.544373
10,16000,0.985681,0.913081,0.758243,0.682424
11,17600,0.970251,0.917137,0.823520,0.732812
12,19200,0.997256,0.918285,0.828843,0.759025
13,20800,0.980266,0.924335,0.752297,0.681651
14,22400,0.975204,0.926952,0.685157,0.619359
15,24000,0.995070,0.924685,0.644544,0.593062
16,25600,0.990468,0.923801,0.603242,0.551963
17,27200,0.976322,0.920021,0.573453,0.515096
18,28800,0.988249,0.923501,0.686723,0.626738
19,30400,0.919041,0.924699,0.720171,0.612027
20,32000,0.897831,0.917950,0.788182,0.649591
21,33600,0.761170,0.908979,0.623026,0.431064
22,35200,0.890738,0.870903,0.568940,0.441353
23,36800,0.943502,0.843030,0.699781,0.556606
24,38400,0.929934,0.821242,0.786929,0.600979
25,40000,0.935908,0.798851,0.754324,0.563971
1,1600,0.727736,0.896309,0.178410,0.116373,0.000073
2,3200,0.358492,0.906052,0.075179,0.024419,0.000044
3,4800,0.084126,0.911405,0.027575,0.002114,0.000030
4,6400,0.112085,0.915913,0.000000,0.000000,0.000022
5,8000,0.700787,0.908306,0.231894,0.147607,0.000036
6,9600,0.950659,0.901800,0.648487,0.555951,0.000088
7,11200,0.987368,0.899526,0.724081,0.643102,0.000133
8,12800,0.939003,0.914940,0.731639,0.628575,0.000165
9,14400,0.894455,0.919632,0.661796,0.544373,0.000185
10,16000,0.985681,0.913081,0.758243,0.682424,0.000209
11,17600,0.970251,0.917137,0.823520,0.732812,0.000232
1,1600,0.727736,0.896309,0.178410,0.116373,0.000073
2,3200,0.358492,0.906052,0.075179,0.024419,0.000044
3,4800,0.084126,0.911405,0.027575,0.002114,0.000030
4,6400,0.112085,0.915913,0.000000,0.000000,0.000022
5,8000,0.700787,0.908306,0.231894,0.147607,0.000036
6,9600,0.950659,0.901800,0.648487,0.555951,0.000088
7,11200,0.987368,0.899526,0.724081,0.643102,0.000133
8,12800,0.939003,0.914940,0.731639,0.628575,0.000165
9,14400,0.894455,0.919632,0.661796,0.544373,0.000185
10,16000,0.985681,0.913081,0.758243,0.682424,0.000209
11,17600,0.970251,0.917137,0.823520,0.732812,0.000232
12,19200,0.997256,0.918285,0.828843,0.759025,0.000252
13,20800,0.980266,0.924335,0.752297,0.681651,0.000265
14,22400,0.975204,0.926952,0.685157,0.619359,0.000274
15,24000,0.995070,0.924685,0.644544,0.593062,0.000280
16,25600,0.990468,0.923801,0.603242,0.551963,0.000284
17,27200,0.976322,0.920021,0.573453,0.515096,0.000287
18,28800,0.988249,0.923501,0.686723,0.626738,0.000293
19,30400,0.919041,0.924699,0.720171,0.612027,0.000297
20,32000,0.897831,0.917950,0.788182,0.649591,0.000303
21,33600,0.761170,0.908979,0.623026,0.431064,0.000301
22,35200,0.890738,0.870903,0.568940,0.441353,0.000300
23,36800,0.943502,0.843030,0.699781,0.556606,0.000302
24,38400,0.929934,0.821242,0.786929,0.600979,0.000305
25,40000,0.935908,0.798851,0.754324,0.563971,0.000307
26,41600,0.945580,0.779406,0.767997,0.566007,0.000309
27,43200,0.948011,0.761956,0.797917,0.576369,0.000311
28,44800,0.947891,0.745447,0.771337,0.545029,0.000312
29,46400,0.946033,0.729228,0.799192,0.551342,0.000313
30,48000,0.938492,0.712883,0.756479,0.506111,0.000313
31,49600,0.944776,0.696540,0.813272,0.535193,0.000314
32,51200,0.920035,0.682383,0.749815,0.470746,0.000313
33,52800,0.949295,0.667308,0.822537,0.521054,0.000313
34,54400,0.943345,0.653622,0.809123,0.498897,0.000313
35,56000,0.954066,0.641994,0.767840,0.470306,0.000313
36,57600,0.953400,0.630039,0.809467,0.486230,0.000313
37,59200,0.954705,0.619799,0.772166,0.456910,0.000312
38,60800,0.958184,0.609083,0.816239,0.476369,0.000312
39,62400,0.959873,0.599525,0.772688,0.444656,0.000311
